DATE,DGS10_NBD20171101
2009-01-02,103.79747
2009-01-05,105.06329
2009-01-06,105.90717
2009-01-07,106.32911
2009-01-08,104.21941
2009-01-09,102.53165
2009-01-12,98.73418
2009-01-13,98.31224
2009-01-14,94.51477
2009-01-15,94.09283
2009-01-16,99.57806
2009-01-19,.
2009-01-20,101.26582
2009-01-21,108.01688
2009-01-22,110.54852
2009-01-23,111.81435
2009-01-26,113.92405
2009-01-27,109.28270
2009-01-28,114.34599
2009-01-29,121.09705
2009-01-30,121.09705
2009-02-02,116.45570
2009-02-03,121.94093
2009-02-04,124.47257
2009-02-05,124.47257
2009-02-06,128.69198
2009-02-09,129.53586
2009-02-10,122.36287
2009-02-11,117.29958
2009-02-12,116.03376
2009-02-13,121.94093
2009-02-16,.
2009-02-17,111.39241
2009-02-18,115.61181
2009-02-19,120.25316
2009-02-20,117.29958
2009-02-23,117.29958
2009-02-24,118.14346
2009-02-25,124.47257
2009-02-26,125.73840
2009-02-27,127.42616
2009-03-02,122.78481
2009-03-03,123.62869
2009-03-04,127.00422
2009-03-05,119.40928
2009-03-06,119.40928
2009-03-09,121.94093
2009-03-10,126.16034
2009-03-11,124.47257
2009-03-12,121.94093
2009-03-13,121.94093
2009-03-16,125.31646
2009-03-17,127.42616
2009-03-18,105.90717
2009-03-19,110.12658
2009-03-20,111.81435
2009-03-23,113.08017
2009-03-24,113.08017
2009-03-25,118.56540
2009-03-26,116.45570
2009-03-27,117.29958
2009-03-30,115.18987
2009-03-31,114.34599
2009-04-01,113.08017
2009-04-02,116.87764
2009-04-03,122.78481
2009-04-06,124.47257
2009-04-07,123.62869
2009-04-08,120.67511
2009-04-09,124.89451
2009-04-10,.
2009-04-13,121.51899
2009-04-14,118.14346
2009-04-15,118.98734
2009-04-16,120.67511
2009-04-17,125.73840
2009-04-20,121.51899
2009-04-21,124.05063
2009-04-22,125.73840
2009-04-23,124.89451
2009-04-24,127.84810
2009-04-27,124.47257
2009-04-28,128.69198
2009-04-29,131.64557
2009-04-30,133.33333
2009-05-01,135.44304
2009-05-04,134.59916
2009-05-05,135.02110
2009-05-06,134.17722
2009-05-07,138.81857
2009-05-08,138.81857
2009-05-11,133.75527
2009-05-12,133.75527
2009-05-13,131.22363
2009-05-14,130.80169
2009-05-15,132.48945
2009-05-18,135.86498
2009-05-19,137.13080
2009-05-20,134.59916
2009-05-21,141.35021
2009-05-22,145.56962
2009-05-25,.
2009-05-26,147.67932
2009-05-27,156.54008
2009-05-28,154.85232
2009-05-29,146.41350
2009-06-01,156.54008
2009-06-02,154.00844
2009-06-03,150.21097
2009-06-04,156.96203
2009-06-05,162.02532
2009-06-08,164.97890
2009-06-09,162.86920
2009-06-10,167.93249
2009-06-11,163.71308
2009-06-12,160.75949
2009-06-15,158.64979
2009-06-16,154.85232
2009-06-17,155.27426
2009-06-18,162.86920
2009-06-19,159.91561
2009-06-22,156.96203
2009-06-23,154.00844
2009-06-24,156.96203
2009-06-25,149.78903
2009-06-26,148.52321
2009-06-29,148.10127
2009-06-30,148.94515
2009-07-01,149.78903
2009-07-02,148.10127
2009-07-03,.
2009-07-06,148.52321
2009-07-07,146.41350
2009-07-08,140.50633
2009-07-09,145.14768
2009-07-10,140.08439
2009-07-13,142.61603
2009-07-14,147.67932
2009-07-15,153.16456
2009-07-16,151.47679
2009-07-17,154.85232
2009-07-20,152.32068
2009-07-21,147.67932
2009-07-22,151.05485
2009-07-23,156.96203
2009-07-24,156.11814
2009-07-27,158.22785
2009-07-28,156.96203
2009-07-29,155.69620
2009-07-30,154.85232
2009-07-31,148.52321
2009-08-03,154.43038
2009-08-04,156.11814
2009-08-05,160.33755
2009-08-06,159.91561
2009-08-07,164.13502
2009-08-10,160.33755
2009-08-11,156.54008
2009-08-12,156.96203
2009-08-13,151.47679
2009-08-14,149.78903
2009-08-17,146.83544
2009-08-18,148.10127
2009-08-19,145.56962
2009-08-20,144.30380
2009-08-21,150.21097
2009-08-24,146.83544
2009-08-25,145.56962
2009-08-26,145.14768
2009-08-27,146.41350
2009-08-28,145.99156
2009-08-31,143.45992
2009-09-01,142.61603
2009-09-02,138.81857
2009-09-03,140.50633
2009-09-04,145.56962
2009-09-07,.
2009-09-08,146.41350
2009-09-09,146.83544
2009-09-10,141.77215
2009-09-11,140.92827
2009-09-14,144.30380
2009-09-15,146.41350
2009-09-16,146.83544
2009-09-17,144.30380
2009-09-18,147.25738
2009-09-21,147.25738
2009-09-22,145.99156
2009-09-23,145.14768
2009-09-24,143.45992
2009-09-25,140.92827
2009-09-28,139.66245
2009-09-29,139.66245
2009-09-30,139.66245
2009-10-01,135.44304
2009-10-02,136.70886
2009-10-05,136.70886
2009-10-06,137.97468
2009-10-07,135.44304
2009-10-08,137.97468
2009-10-09,143.45992
2009-10-12,.
2009-10-13,140.92827
2009-10-14,145.56962
2009-10-15,147.25738
2009-10-16,144.72574
2009-10-19,143.88186
2009-10-20,141.35021
2009-10-21,144.30380
2009-10-22,145.14768
2009-10-23,148.10127
2009-10-26,151.47679
2009-10-27,147.25738
2009-10-28,145.14768
2009-10-29,148.94515
2009-10-30,143.88186
2009-11-02,145.56962
2009-11-03,147.67932
2009-11-04,150.63291
2009-11-05,150.63291
2009-11-06,149.36709
2009-11-09,148.52321
2009-11-10,147.67932
2009-11-11,.
2009-11-12,145.56962
2009-11-13,144.72574
2009-11-16,140.50633
2009-11-17,140.50633
2009-11-18,141.77215
2009-11-19,141.35021
2009-11-20,141.77215
2009-11-23,142.19409
2009-11-24,140.08439
2009-11-25,138.39662
2009-11-26,.
2009-11-27,135.44304
2009-11-30,135.44304
2009-12-01,138.39662
2009-12-02,140.08439
2009-12-03,143.03797
2009-12-04,146.83544
2009-12-07,145.14768
2009-12-08,143.45992
2009-12-09,145.56962
2009-12-10,147.25738
2009-12-11,149.78903
2009-12-14,150.21097
2009-12-15,151.89873
2009-12-16,152.32068
2009-12-17,147.67932
2009-12-18,149.78903
2009-12-21,155.69620
2009-12-22,158.64979
2009-12-23,159.07173
2009-12-24,161.18143
2009-12-25,.
2009-12-28,162.44726
2009-12-29,161.18143
2009-12-30,160.33755
2009-12-31,162.44726
2010-01-01,.
2010-01-04,162.44726
2010-01-05,159.07173
2010-01-06,162.44726
2010-01-07,162.44726
2010-01-08,161.60338
2010-01-11,162.44726
2010-01-12,157.80591
2010-01-13,160.33755
2010-01-14,158.64979
2010-01-15,156.11814
2010-01-18,.
2010-01-19,157.38397
2010-01-20,155.27426
2010-01-21,152.74262
2010-01-22,152.74262
2010-01-25,154.43038
2010-01-26,154.00844
2010-01-27,154.43038
2010-01-28,155.27426
2010-01-29,153.16456
2010-02-01,155.27426
2010-02-02,154.85232
2010-02-03,157.38397
2010-02-04,152.74262
2010-02-05,151.47679
2010-02-08,152.74262
2010-02-09,154.85232
2010-02-10,156.96203
2010-02-11,157.38397
2010-02-12,155.69620
2010-02-15,.
2010-02-16,154.43038
2010-02-17,157.80591
2010-02-18,159.91561
2010-02-19,159.49367
2010-02-22,160.33755
2010-02-23,155.69620
2010-02-24,156.11814
2010-02-25,153.58650
2010-02-26,152.32068
2010-03-01,152.32068
2010-03-02,152.74262
2010-03-03,153.16456
2010-03-04,152.32068
2010-03-05,155.69620
2010-03-08,156.96203
2010-03-09,156.54008
2010-03-10,157.38397
2010-03-11,157.38397
2010-03-12,156.54008
2010-03-15,156.54008
2010-03-16,154.43038
2010-03-17,154.00844
2010-03-18,155.27426
2010-03-19,156.11814
2010-03-22,154.85232
2010-03-23,155.69620
2010-03-24,162.02532
2010-03-25,164.97890
2010-03-26,162.86920
2010-03-29,163.71308
2010-03-30,163.71308
2010-03-31,162.02532
2010-04-01,164.13502
2010-04-02,167.08861
2010-04-05,169.19831
2010-04-06,167.93249
2010-04-07,164.13502
2010-04-08,164.97890
2010-04-09,164.55696
2010-04-12,163.29114
2010-04-13,162.02532
2010-04-14,163.71308
2010-04-15,162.86920
2010-04-16,159.91561
2010-04-19,161.60338
2010-04-20,161.18143
2010-04-21,159.07173
2010-04-22,160.33755
2010-04-23,162.02532
2010-04-26,161.60338
2010-04-27,156.54008
2010-04-28,160.33755
2010-04-29,158.64979
2010-04-30,155.69620
2010-05-03,156.96203
2010-05-04,153.16456
2010-05-05,151.05485
2010-05-06,143.88186
2010-05-07,145.56962
2010-05-10,150.63291
2010-05-11,150.21097
2010-05-12,150.21097
2010-05-13,149.78903
2010-05-14,145.14768
2010-05-17,146.41350
2010-05-18,142.61603
2010-05-19,141.77215
2010-05-20,137.13080
2010-05-21,135.02110
2010-05-24,136.28692
2010-05-25,134.17722
2010-05-26,135.44304
2010-05-27,140.92827
2010-05-28,139.66245
2010-05-31,.
2010-06-01,138.81857
2010-06-02,141.35021
2010-06-03,143.03797
2010-06-04,135.02110
2010-06-07,133.75527
2010-06-08,134.17722
2010-06-09,135.02110
2010-06-10,140.50633
2010-06-11,136.70886
2010-06-14,138.39662
2010-06-15,140.08439
2010-06-16,137.97468
2010-06-17,135.44304
2010-06-18,136.70886
2010-06-21,137.55274
2010-06-22,134.17722
2010-06-23,132.06751
2010-06-24,132.48945
2010-06-25,131.64557
2010-06-28,128.69198
2010-06-29,125.31646
2010-06-30,125.31646
2010-07-01,124.89451
2010-07-02,126.58228
2010-07-05,.
2010-07-06,124.47257
2010-07-07,126.58228
2010-07-08,128.27004
2010-07-09,129.53586
2010-07-12,129.95781
2010-07-13,132.91139
2010-07-14,129.53586
2010-07-15,126.58228
2010-07-16,124.89451
2010-07-19,126.16034
2010-07-20,125.73840
2010-07-21,122.36287
2010-07-22,124.89451
2010-07-23,127.42616
2010-07-26,127.84810
2010-07-27,129.95781
2010-07-28,127.84810
2010-07-29,127.84810
2010-07-30,124.05063
2010-08-02,126.16034
2010-08-03,124.05063
2010-08-04,125.73840
2010-08-05,124.05063
2010-08-06,120.67511
2010-08-09,120.67511
2010-08-10,117.72152
2010-08-11,114.76793
2010-08-12,115.61181
2010-08-13,113.08017
2010-08-16,108.86076
2010-08-17,111.39241
2010-08-18,111.39241
2010-08-19,108.86076
2010-08-20,110.54852
2010-08-23,109.70464
2010-08-24,105.48523
2010-08-25,107.17300
2010-08-26,105.48523
2010-08-27,112.23629
2010-08-30,107.17300
2010-08-31,104.21941
2010-09-01,108.86076
2010-09-02,110.97046
2010-09-03,114.76793
2010-09-06,.
2010-09-07,110.12658
2010-09-08,112.23629
2010-09-09,116.87764
2010-09-10,118.56540
2010-09-13,115.61181
2010-09-14,113.08017
2010-09-15,115.61181
2010-09-16,116.87764
2010-09-17,116.03376
2010-09-20,114.76793
2010-09-21,110.12658
2010-09-22,108.01688
2010-09-23,108.01688
2010-09-24,110.54852
2010-09-27,107.17300
2010-09-28,104.64135
2010-09-29,106.32911
2010-09-30,106.75105
2010-10-01,107.17300
2010-10-04,105.48523
2010-10-05,105.48523
2010-10-06,101.68776
2010-10-07,101.68776
2010-10-08,101.68776
2010-10-11,.
2010-10-12,102.95359
2010-10-13,103.79747
2010-10-14,106.32911
2010-10-15,109.28270
2010-10-18,106.32911
2010-10-19,105.48523
2010-10-20,105.90717
2010-10-21,108.43882
2010-10-22,109.28270
2010-10-25,109.28270
2010-10-26,112.65823
2010-10-27,116.03376
2010-10-28,113.50211
2010-10-29,110.97046
2010-11-01,112.23629
2010-11-02,110.97046
2010-11-03,112.65823
2010-11-04,106.75105
2010-11-05,108.86076
2010-11-08,109.70464
2010-11-09,114.76793
2010-11-10,111.81435
2010-11-11,.
2010-11-12,116.45570
2010-11-15,123.20675
2010-11-16,120.25316
2010-11-17,121.94093
2010-11-18,122.36287
2010-11-19,121.51899
2010-11-22,118.14346
2010-11-23,116.87764
2010-11-24,123.62869
2010-11-25,.
2010-11-26,121.09705
2010-11-29,119.83122
2010-11-30,118.56540
2010-12-01,125.31646
2010-12-02,127.00422
2010-12-03,127.84810
2010-12-06,124.47257
2010-12-07,132.91139
2010-12-08,137.55274
2010-12-09,136.28692
2010-12-10,140.08439
2010-12-13,138.81857
2010-12-14,147.25738
2010-12-15,148.94515
2010-12-16,146.41350
2010-12-17,140.50633
2010-12-20,141.77215
2010-12-21,141.35021
2010-12-22,141.77215
2010-12-23,143.88186
2010-12-24,.
2010-12-27,141.77215
2010-12-28,147.67932
2010-12-29,141.35021
2010-12-30,142.61603
2010-12-31,139.24051
2011-01-03,141.77215
2011-01-04,141.77215
2011-01-05,147.67932
2011-01-06,145.14768
2011-01-07,140.92827
2011-01-10,140.08439
2011-01-11,142.19409
2011-01-12,143.45992
2011-01-13,140.92827
2011-01-14,141.35021
2011-01-17,.
2011-01-18,143.03797
2011-01-19,142.19409
2011-01-20,146.41350
2011-01-21,145.14768
2011-01-24,144.72574
2011-01-25,141.35021
2011-01-26,145.56962
2011-01-27,144.30380
2011-01-28,141.77215
2011-01-31,144.30380
2011-02-01,146.83544
2011-02-02,148.52321
2011-02-03,151.05485
2011-02-04,155.27426
2011-02-07,155.27426
2011-02-08,158.22785
2011-02-09,154.00844
2011-02-10,156.11814
2011-02-11,153.58650
2011-02-14,152.74262
2011-02-15,152.32068
2011-02-16,152.74262
2011-02-17,151.05485
2011-02-18,151.47679
2011-02-21,.
2011-02-22,145.99156
2011-02-23,147.25738
2011-02-24,145.99156
2011-02-25,144.30380
2011-02-28,144.30380
2011-03-01,143.88186
2011-03-02,145.99156
2011-03-03,151.05485
2011-03-04,147.25738
2011-03-07,148.10127
2011-03-08,150.21097
2011-03-09,146.83544
2011-03-10,142.19409
2011-03-11,143.45992
2011-03-14,141.77215
2011-03-15,140.50633
2011-03-16,135.86498
2011-03-17,137.13080
2011-03-18,138.39662
2011-03-21,140.92827
2011-03-22,140.92827
2011-03-23,141.77215
2011-03-24,144.30380
2011-03-25,145.99156
2011-03-28,146.41350
2011-03-29,147.67932
2011-03-30,146.41350
2011-03-31,146.41350
2011-04-01,145.99156
2011-04-04,145.56962
2011-04-05,147.67932
2011-04-06,150.21097
2011-04-07,151.05485
2011-04-08,151.47679
2011-04-11,151.47679
2011-04-12,148.52321
2011-04-13,147.25738
2011-04-14,148.10127
2011-04-15,144.72574
2011-04-18,143.45992
2011-04-19,143.03797
2011-04-20,144.72574
2011-04-21,144.30380
2011-04-22,.
2011-04-25,143.03797
2011-04-26,140.92827
2011-04-27,143.03797
2011-04-28,140.92827
2011-04-29,140.08439
2011-05-02,139.66245
2011-05-03,138.39662
2011-05-04,137.13080
2011-05-05,134.17722
2011-05-06,134.59916
2011-05-09,133.75527
2011-05-10,136.28692
2011-05-11,134.59916
2011-05-12,135.86498
2011-05-13,134.17722
2011-05-16,132.91139
2011-05-17,131.64557
2011-05-18,134.17722
2011-05-19,133.75527
2011-05-20,132.91139
2011-05-23,132.06751
2011-05-24,131.64557
2011-05-25,132.06751
2011-05-26,129.53586
2011-05-27,129.53586
2011-05-30,.
2011-05-31,128.69198
2011-06-01,124.89451
2011-06-02,128.27004
2011-06-03,126.16034
2011-06-06,127.00422
2011-06-07,127.00422
2011-06-08,125.73840
2011-06-09,127.00422
2011-06-10,126.16034
2011-06-13,126.58228
2011-06-14,131.22363
2011-06-15,125.73840
2011-06-16,123.62869
2011-06-17,124.05063
2011-06-20,125.31646
2011-06-21,126.16034
2011-06-22,127.00422
2011-06-23,123.62869
2011-06-24,121.51899
2011-06-27,124.47257
2011-06-28,128.69198
2011-06-29,132.48945
2011-06-30,134.17722
2011-07-01,135.86498
2011-07-04,.
2011-07-05,133.33333
2011-07-06,131.64557
2011-07-07,133.75527
2011-07-08,127.84810
2011-07-11,124.05063
2011-07-12,123.20675
2011-07-13,123.20675
2011-07-14,125.73840
2011-07-15,124.05063
2011-07-18,124.05063
2011-07-19,122.78481
2011-07-20,124.89451
2011-07-21,127.84810
2011-07-22,126.16034
2011-07-25,127.84810
2011-07-26,126.16034
2011-07-27,127.00422
2011-07-28,125.73840
2011-07-29,118.98734
2011-08-01,116.87764
2011-08-02,112.23629
2011-08-03,111.39241
2011-08-04,104.21941
2011-08-05,108.86076
2011-08-08,101.26582
2011-08-09,92.82700
2011-08-10,91.56118
2011-08-11,98.73418
2011-08-12,94.51477
2011-08-15,96.62447
2011-08-16,94.09283
2011-08-17,91.56118
2011-08-18,87.76371
2011-08-19,87.34177
2011-08-22,88.60759
2011-08-23,90.71730
2011-08-24,96.62447
2011-08-25,94.09283
2011-08-26,92.40506
2011-08-29,96.20253
2011-08-30,92.40506
2011-08-31,94.09283
2011-09-01,90.71730
2011-09-02,85.23207
2011-09-05,.
2011-09-06,83.54430
2011-09-07,86.49789
2011-09-08,84.38819
2011-09-09,81.43460
2011-09-12,81.85654
2011-09-13,84.38819
2011-09-14,85.65401
2011-09-15,88.18565
2011-09-16,87.76371
2011-09-19,83.12236
2011-09-20,82.27848
2011-09-21,79.32489
2011-09-22,72.57384
2011-09-23,77.63713
2011-09-26,80.59072
2011-09-27,84.38819
2011-09-28,85.65401
2011-09-29,83.96624
2011-09-30,81.01266
2011-10-03,75.94937
2011-10-04,76.37131
2011-10-05,81.01266
2011-10-06,84.81013
2011-10-07,88.60759
2011-10-10,.
2011-10-11,91.98312
2011-10-12,94.51477
2011-10-13,92.40506
2011-10-14,95.35865
2011-10-17,91.98312
2011-10-18,92.40506
2011-10-19,91.98312
2011-10-20,92.82700
2011-10-21,94.09283
2011-10-24,94.93671
2011-10-25,90.29536
2011-10-26,94.09283
2011-10-27,102.10970
2011-10-28,98.73418
2011-10-31,91.56118
2011-11-01,84.81013
2011-11-02,85.65401
2011-11-03,88.18565
2011-11-04,86.91983
2011-11-07,86.07595
2011-11-08,88.60759
2011-11-09,84.38819
2011-11-10,86.07595
2011-11-11,.
2011-11-14,86.07595
2011-11-15,86.91983
2011-11-16,84.81013
2011-11-17,82.70042
2011-11-18,84.81013
2011-11-21,83.12236
2011-11-22,81.85654
2011-11-23,79.74684
2011-11-24,.
2011-11-25,83.12236
2011-11-28,83.12236
2011-11-29,84.38819
2011-11-30,87.76371
2011-12-01,89.02954
2011-12-02,86.49789
2011-12-05,86.07595
2011-12-06,87.76371
2011-12-07,85.23207
2011-12-08,83.96624
2011-12-09,87.34177
2011-12-12,85.65401
2011-12-13,82.70042
2011-12-14,81.01266
2011-12-15,81.01266
2011-12-16,78.48101
2011-12-19,76.79325
2011-12-20,81.85654
2011-12-21,83.54430
2011-12-22,83.12236
2011-12-23,85.65401
2011-12-26,.
2011-12-27,85.23207
2011-12-28,81.43460
2011-12-29,80.59072
2011-12-30,79.74684
2012-01-02,.
2012-01-03,83.12236
2012-01-04,84.38819
2012-01-05,85.23207
2012-01-06,83.54430
2012-01-09,83.54430
2012-01-10,84.38819
2012-01-11,81.43460
2012-01-12,81.85654
2012-01-13,79.74684
2012-01-16,.
2012-01-17,78.90295
2012-01-18,81.01266
2012-01-19,84.81013
2012-01-20,86.49789
2012-01-23,88.18565
2012-01-24,87.76371
2012-01-25,84.81013
2012-01-26,82.70042
2012-01-27,81.43460
2012-01-30,78.90295
2012-01-31,77.21519
2012-02-01,78.90295
2012-02-02,78.48101
2012-02-03,83.12236
2012-02-06,81.43460
2012-02-07,84.38819
2012-02-08,84.81013
2012-02-09,86.07595
2012-02-10,82.70042
2012-02-13,83.96624
2012-02-14,81.01266
2012-02-15,81.43460
2012-02-16,83.96624
2012-02-17,84.81013
2012-02-20,.
2012-02-21,86.49789
2012-02-22,84.81013
2012-02-23,83.96624
2012-02-24,83.54430
2012-02-27,81.01266
2012-02-28,81.85654
2012-02-29,83.54430
2012-03-01,85.65401
2012-03-02,83.96624
2012-03-05,84.38819
2012-03-06,82.70042
2012-03-07,83.54430
2012-03-08,85.65401
2012-03-09,86.07595
2012-03-12,86.07595
2012-03-13,90.29536
2012-03-14,96.62447
2012-03-15,96.62447
2012-03-16,97.46835
2012-03-19,100.84388
2012-03-20,100.42194
2012-03-21,97.46835
2012-03-22,96.62447
2012-03-23,94.93671
2012-03-26,95.35865
2012-03-27,92.82700
2012-03-28,93.24895
2012-03-29,91.98312
2012-03-30,94.09283
2012-04-02,93.67089
2012-04-03,97.04641
2012-04-04,94.93671
2012-04-05,92.40506
2012-04-06,87.34177
2012-04-09,86.91983
2012-04-10,84.81013
2012-04-11,86.49789
2012-04-12,87.76371
2012-04-13,85.23207
2012-04-16,84.38819
2012-04-17,85.65401
2012-04-18,84.38819
2012-04-19,83.54430
2012-04-20,83.96624
2012-04-23,82.70042
2012-04-24,84.38819
2012-04-25,84.81013
2012-04-26,83.54430
2012-04-27,82.70042
2012-04-30,82.27848
2012-05-01,83.54430
2012-05-02,82.70042
2012-05-03,82.70042
2012-05-04,80.59072
2012-05-07,81.01266
2012-05-08,79.32489
2012-05-09,78.90295
2012-05-10,79.74684
2012-05-11,77.63713
2012-05-14,75.10549
2012-05-15,74.26160
2012-05-16,74.26160
2012-05-17,71.72996
2012-05-18,72.15190
2012-05-21,73.83966
2012-05-22,75.52743
2012-05-23,72.99578
2012-05-24,74.68354
2012-05-25,73.83966
2012-05-28,.
2012-05-29,73.41772
2012-05-30,68.77637
2012-05-31,67.08861
2012-06-01,62.02532
2012-06-04,64.55696
2012-06-05,66.24473
2012-06-06,70.04219
2012-06-07,70.04219
2012-06-08,69.62025
2012-06-11,67.51055
2012-06-12,70.46414
2012-06-13,67.93249
2012-06-14,69.19831
2012-06-15,67.51055
2012-06-18,67.08861
2012-06-19,69.19831
2012-06-20,69.62025
2012-06-21,68.77637
2012-06-22,71.30802
2012-06-25,68.77637
2012-06-26,70.04219
2012-06-27,69.62025
2012-06-28,67.51055
2012-06-29,70.46414
2012-07-02,67.93249
2012-07-03,69.62025
2012-07-04,.
2012-07-05,68.35443
2012-07-06,66.24473
2012-07-09,64.55696
2012-07-10,64.55696
2012-07-11,64.97890
2012-07-12,63.29114
2012-07-13,64.13502
2012-07-16,63.29114
2012-07-17,64.55696
2012-07-18,64.13502
2012-07-19,64.97890
2012-07-20,62.86920
2012-07-23,62.02532
2012-07-24,60.75949
2012-07-25,60.33755
2012-07-26,61.18143
2012-07-27,66.66667
2012-07-30,64.55696
2012-07-31,63.71308
2012-08-01,65.82278
2012-08-02,63.71308
2012-08-03,67.51055
2012-08-06,67.08861
2012-08-07,70.04219
2012-08-08,70.88608
2012-08-09,71.30802
2012-08-10,69.62025
2012-08-13,69.62025
2012-08-14,72.99578
2012-08-15,75.94937
2012-08-16,77.21519
2012-08-17,76.37131
2012-08-20,76.79325
2012-08-21,75.94937
2012-08-22,72.15190
2012-08-23,70.88608
2012-08-24,70.88608
2012-08-27,69.62025
2012-08-28,69.19831
2012-08-29,70.04219
2012-08-30,68.77637
2012-08-31,66.24473
2012-09-03,.
2012-09-04,67.08861
2012-09-05,67.51055
2012-09-06,70.88608
2012-09-07,70.46414
2012-09-10,70.88608
2012-09-11,71.72996
2012-09-12,74.68354
2012-09-13,73.83966
2012-09-14,79.32489
2012-09-17,78.05907
2012-09-18,76.79325
2012-09-19,75.52743
2012-09-20,75.94937
2012-09-21,74.68354
2012-09-24,73.41772
2012-09-25,71.72996
2012-09-26,69.19831
2012-09-27,70.04219
2012-09-28,69.62025
2012-10-01,69.19831
2012-10-02,69.19831
2012-10-03,69.19831
2012-10-04,71.72996
2012-10-05,73.83966
2012-10-08,.
2012-10-09,73.41772
2012-10-10,72.57384
2012-10-11,71.72996
2012-10-12,71.30802
2012-10-15,71.72996
2012-10-16,73.83966
2012-10-17,77.21519
2012-10-18,78.48101
2012-10-19,75.52743
2012-10-22,77.21519
2012-10-23,75.52743
2012-10-24,75.94937
2012-10-25,78.48101
2012-10-26,75.10549
2012-10-29,73.41772
2012-10-30,.
2012-10-31,72.57384
2012-11-01,73.83966
2012-11-02,73.83966
2012-11-05,72.57384
2012-11-06,75.10549
2012-11-07,70.88608
2012-11-08,68.35443
2012-11-09,67.93249
2012-11-12,.
2012-11-13,67.08861
2012-11-14,67.08861
2012-11-15,66.66667
2012-11-16,66.66667
2012-11-19,67.93249
2012-11-20,70.04219
2012-11-21,71.30802
2012-11-22,.
2012-11-23,71.72996
2012-11-26,70.04219
2012-11-27,69.19831
2012-11-28,68.77637
2012-11-29,68.35443
2012-11-30,68.35443
2012-12-03,68.77637
2012-12-04,68.35443
2012-12-05,67.51055
2012-12-06,67.08861
2012-12-07,69.19831
2012-12-10,68.77637
2012-12-11,70.04219
2012-12-12,72.57384
2012-12-13,73.41772
2012-12-14,72.57384
2012-12-17,75.10549
2012-12-18,77.63713
2012-12-19,76.79325
2012-12-20,76.37131
2012-12-21,74.68354
2012-12-24,75.52743
2012-12-25,.
2012-12-26,74.68354
2012-12-27,73.41772
2012-12-28,72.99578
2012-12-31,75.10549
2013-01-01,.
2013-01-02,78.48101
2013-01-03,81.01266
2013-01-04,81.43460
2013-01-07,81.01266
2013-01-08,79.74684
2013-01-09,79.32489
2013-01-10,80.59072
2013-01-11,79.74684
2013-01-14,79.74684
2013-01-15,78.48101
2013-01-16,77.63713
2013-01-17,79.74684
2013-01-18,78.90295
2013-01-21,.
2013-01-22,78.48101
2013-01-23,78.48101
2013-01-24,79.32489
2013-01-25,83.54430
2013-01-28,84.38819
2013-01-29,85.65401
2013-01-30,85.65401
2013-01-31,85.23207
2013-02-01,86.07595
2013-02-04,84.38819
2013-02-05,86.07595
2013-02-06,84.38819
2013-02-07,83.96624
2013-02-08,83.96624
2013-02-11,83.96624
2013-02-12,85.23207
2013-02-13,86.49789
2013-02-14,84.38819
2013-02-15,84.81013
2013-02-18,.
2013-02-19,85.65401
2013-02-20,85.23207
2013-02-21,83.96624
2013-02-22,83.12236
2013-02-25,79.32489
2013-02-26,79.32489
2013-02-27,80.59072
2013-02-28,79.74684
2013-03-01,78.48101
2013-03-04,79.32489
2013-03-05,80.16878
2013-03-06,82.27848
2013-03-07,84.38819
2013-03-08,86.91983
2013-03-11,87.34177
2013-03-12,85.65401
2013-03-13,86.07595
2013-03-14,86.07595
2013-03-15,84.81013
2013-03-18,82.70042
2013-03-19,81.01266
2013-03-20,82.70042
2013-03-21,82.27848
2013-03-22,81.43460
2013-03-25,81.43460
2013-03-26,81.01266
2013-03-27,78.90295
2013-03-28,78.90295
2013-03-29,.
2013-04-01,78.48101
2013-04-02,79.32489
2013-04-03,77.21519
2013-04-04,75.10549
2013-04-05,72.57384
2013-04-08,74.26160
2013-04-09,75.10549
2013-04-10,77.63713
2013-04-11,76.79325
2013-04-12,73.83966
2013-04-15,72.57384
2013-04-16,73.83966
2013-04-17,72.99578
2013-04-18,72.57384
2013-04-19,72.99578
2013-04-22,72.57384
2013-04-23,73.41772
2013-04-24,72.99578
2013-04-25,73.41772
2013-04-26,71.72996
2013-04-29,71.72996
2013-04-30,71.72996
2013-05-01,70.04219
2013-05-02,70.04219
2013-05-03,75.10549
2013-05-06,75.94937
2013-05-07,76.79325
2013-05-08,76.37131
2013-05-09,76.37131
2013-05-10,80.16878
2013-05-13,81.01266
2013-05-14,82.70042
2013-05-15,81.85654
2013-05-16,78.90295
2013-05-17,82.27848
2013-05-20,83.12236
2013-05-21,81.85654
2013-05-22,85.65401
2013-05-23,85.23207
2013-05-24,84.81013
2013-05-27,.
2013-05-28,90.71730
2013-05-29,89.87342
2013-05-30,89.87342
2013-05-31,91.13924
2013-06-03,89.87342
2013-06-04,90.29536
2013-06-05,88.60759
2013-06-06,87.76371
2013-06-07,91.56118
2013-06-10,93.67089
2013-06-11,92.82700
2013-06-12,94.93671
2013-06-13,92.40506
2013-06-14,90.29536
2013-06-17,92.40506
2013-06-18,92.82700
2013-06-19,98.31224
2013-06-20,101.68776
2013-06-21,106.32911
2013-06-24,108.43882
2013-06-25,109.70464
2013-06-26,107.59494
2013-06-27,105.06329
2013-06-28,106.32911
2013-07-01,105.48523
2013-07-02,104.64135
2013-07-03,106.32911
2013-07-04,.
2013-07-05,115.18987
2013-07-08,111.81435
2013-07-09,111.81435
2013-07-10,113.92405
2013-07-11,109.70464
2013-07-12,110.12658
2013-07-15,108.43882
2013-07-16,107.59494
2013-07-17,106.32911
2013-07-18,108.01688
2013-07-19,105.48523
2013-07-22,105.48523
2013-07-23,106.75105
2013-07-24,110.12658
2013-07-25,110.12658
2013-07-26,108.86076
2013-07-29,110.12658
2013-07-30,110.97046
2013-07-31,109.70464
2013-08-01,115.61181
2013-08-02,110.97046
2013-08-05,112.65823
2013-08-06,112.65823
2013-08-07,110.12658
2013-08-08,108.86076
2013-08-09,108.43882
2013-08-12,110.12658
2013-08-13,114.34599
2013-08-14,114.34599
2013-08-15,116.87764
2013-08-16,119.83122
2013-08-19,121.51899
2013-08-20,118.98734
2013-08-21,121.09705
2013-08-22,122.36287
2013-08-23,118.98734
2013-08-26,117.72152
2013-08-27,114.76793
2013-08-28,117.29958
2013-08-29,116.03376
2013-08-30,117.29958
2013-09-02,.
2013-09-03,120.67511
2013-09-04,122.36287
2013-09-05,125.73840
2013-09-06,124.05063
2013-09-09,122.36287
2013-09-10,124.89451
2013-09-11,123.62869
2013-09-12,123.20675
2013-09-13,122.36287
2013-09-16,121.51899
2013-09-17,120.67511
2013-09-18,113.50211
2013-09-19,116.45570
2013-09-20,116.03376
2013-09-23,114.76793
2013-09-24,112.65823
2013-09-25,110.97046
2013-09-26,112.23629
2013-09-27,111.39241
2013-09-30,111.39241
2013-10-01,112.23629
2013-10-02,110.97046
2013-10-03,110.54852
2013-10-04,112.23629
2013-10-07,111.81435
2013-10-08,112.23629
2013-10-09,113.08017
2013-10-10,114.34599
2013-10-11,113.92405
2013-10-14,.
2013-10-15,116.03376
2013-10-16,113.50211
2013-10-17,110.12658
2013-10-18,109.70464
2013-10-21,110.97046
2013-10-22,107.17300
2013-10-23,105.90717
2013-10-24,106.75105
2013-10-25,106.75105
2013-10-28,107.17300
2013-10-29,106.75105
2013-10-30,107.59494
2013-10-31,108.43882
2013-11-01,111.81435
2013-11-04,110.97046
2013-11-05,113.50211
2013-11-06,112.65823
2013-11-07,110.97046
2013-11-08,116.87764
2013-11-11,.
2013-11-12,118.14346
2013-11-13,116.03376
2013-11-14,113.50211
2013-11-15,114.34599
2013-11-18,112.65823
2013-11-19,114.34599
2013-11-20,118.14346
2013-11-21,117.72152
2013-11-22,116.03376
2013-11-25,115.61181
2013-11-26,114.34599
2013-11-27,115.61181
2013-11-28,.
2013-11-29,116.03376
2013-12-02,118.56540
2013-12-03,117.72152
2013-12-04,119.83122
2013-12-05,121.51899
2013-12-06,121.51899
2013-12-09,120.67511
2013-12-10,118.56540
2013-12-11,120.67511
2013-12-12,121.94093
2013-12-13,121.51899
2013-12-16,121.94093
2013-12-17,120.25316
2013-12-18,121.94093
2013-12-19,124.05063
2013-12-20,121.94093
2013-12-23,124.05063
2013-12-24,126.16034
2013-12-25,.
2013-12-26,126.58228
2013-12-27,127.42616
2013-12-30,126.16034
2013-12-31,128.27004
2014-01-01,.
2014-01-02,126.58228
2014-01-03,127.00422
2014-01-06,125.73840
2014-01-07,124.89451
2014-01-08,127.00422
2014-01-09,125.31646
2014-01-10,121.51899
2014-01-13,119.83122
2014-01-14,121.51899
2014-01-15,122.36287
2014-01-16,120.67511
2014-01-17,119.83122
2014-01-20,.
2014-01-21,120.25316
2014-01-22,121.09705
2014-01-23,117.72152
2014-01-24,116.03376
2014-01-27,117.29958
2014-01-28,116.87764
2014-01-29,113.50211
2014-01-30,114.76793
2014-01-31,112.65823
2014-02-03,110.12658
2014-02-04,111.39241
2014-02-05,113.92405
2014-02-06,115.18987
2014-02-07,114.34599
2014-02-10,113.92405
2014-02-11,116.03376
2014-02-12,118.14346
2014-02-13,115.18987
2014-02-14,116.03376
2014-02-17,.
2014-02-18,114.34599
2014-02-19,115.18987
2014-02-20,116.45570
2014-02-21,115.18987
2014-02-24,116.03376
2014-02-25,113.92405
2014-02-26,112.65823
2014-02-27,111.81435
2014-02-28,112.23629
2014-03-03,109.70464
2014-03-04,113.92405
2014-03-05,113.92405
2014-03-06,115.61181
2014-03-07,118.14346
2014-03-10,117.72152
2014-03-11,116.87764
2014-03-12,115.18987
2014-03-13,112.23629
2014-03-14,111.81435
2014-03-17,113.92405
2014-03-18,113.08017
2014-03-19,117.29958
2014-03-20,117.72152
2014-03-21,116.03376
2014-03-24,115.61181
2014-03-25,116.03376
2014-03-26,114.34599
2014-03-27,113.50211
2014-03-28,115.18987
2014-03-31,115.18987
2014-04-01,116.87764
2014-04-02,118.98734
2014-04-03,118.14346
2014-04-04,115.61181
2014-04-07,114.34599
2014-04-08,113.50211
2014-04-09,114.34599
2014-04-10,111.81435
2014-04-11,110.97046
2014-04-14,111.81435
2014-04-15,111.39241
2014-04-16,111.81435
2014-04-17,115.18987
2014-04-18,.
2014-04-21,115.18987
2014-04-22,115.18987
2014-04-23,113.92405
2014-04-24,113.92405
2014-04-25,113.08017
2014-04-28,113.92405
2014-04-29,114.34599
2014-04-30,112.65823
2014-05-01,110.97046
2014-05-02,109.70464
2014-05-05,110.97046
2014-05-06,110.12658
2014-05-07,110.54852
2014-05-08,110.12658
2014-05-09,110.54852
2014-05-12,112.23629
2014-05-13,110.12658
2014-05-14,107.17300
2014-05-15,105.48523
2014-05-16,106.32911
2014-05-19,107.17300
2014-05-20,106.32911
2014-05-21,107.17300
2014-05-22,108.01688
2014-05-23,107.17300
2014-05-26,.
2014-05-27,106.32911
2014-05-28,102.95359
2014-05-29,103.37553
2014-05-30,104.64135
2014-06-02,107.17300
2014-06-03,109.70464
2014-06-04,110.12658
2014-06-05,109.28270
2014-06-06,109.70464
2014-06-09,110.54852
2014-06-10,111.39241
2014-06-11,111.81435
2014-06-12,108.86076
2014-06-13,109.70464
2014-06-16,110.12658
2014-06-17,112.23629
2014-06-18,110.12658
2014-06-19,111.39241
2014-06-20,110.97046
2014-06-23,110.97046
2014-06-24,109.28270
2014-06-25,108.43882
2014-06-26,106.75105
2014-06-27,107.17300
2014-06-30,106.75105
2014-07-01,108.86076
2014-07-02,111.39241
2014-07-03,111.81435
2014-07-04,.
2014-07-07,110.97046
2014-07-08,108.86076
2014-07-09,108.43882
2014-07-10,107.59494
2014-07-11,106.75105
2014-07-14,107.59494
2014-07-15,108.01688
2014-07-16,107.59494
2014-07-17,104.21941
2014-07-18,105.48523
2014-07-21,105.06329
2014-07-22,104.64135
2014-07-23,104.64135
2014-07-24,106.32911
2014-07-25,104.64135
2014-07-28,105.48523
2014-07-29,104.21941
2014-07-30,108.43882
2014-07-31,108.86076
2014-08-01,106.32911
2014-08-04,105.90717
2014-08-05,105.06329
2014-08-06,105.06329
2014-08-07,102.53165
2014-08-08,102.95359
2014-08-11,102.95359
2014-08-12,103.79747
2014-08-13,102.53165
2014-08-14,101.26582
2014-08-15,98.73418
2014-08-18,100.84388
2014-08-19,101.26582
2014-08-20,102.53165
2014-08-21,101.68776
2014-08-22,101.26582
2014-08-25,100.84388
2014-08-26,100.84388
2014-08-27,100.00000
2014-08-28,98.73418
2014-08-29,99.15612
2014-09-01,.
2014-09-02,102.10970
2014-09-03,101.68776
2014-09-04,103.37553
2014-09-05,103.79747
2014-09-08,104.64135
2014-09-09,105.48523
2014-09-10,107.17300
2014-09-11,107.17300
2014-09-12,110.54852
2014-09-15,109.70464
2014-09-16,109.70464
2014-09-17,110.54852
2014-09-18,110.97046
2014-09-19,109.28270
2014-09-22,108.43882
2014-09-23,107.17300
2014-09-24,108.43882
2014-09-25,106.32911
2014-09-26,107.17300
2014-09-29,105.48523
2014-09-30,106.32911
2014-10-01,102.10970
2014-10-02,102.95359
2014-10-03,103.37553
2014-10-06,102.53165
2014-10-07,99.57806
2014-10-08,99.15612
2014-10-09,98.73418
2014-10-10,97.46835
2014-10-13,.
2014-10-14,93.24895
2014-10-15,90.71730
2014-10-16,91.56118
2014-10-17,93.67089
2014-10-20,92.82700
2014-10-21,94.09283
2014-10-22,94.93671
2014-10-23,96.62447
2014-10-24,96.62447
2014-10-27,95.78059
2014-10-28,97.04641
2014-10-29,98.73418
2014-10-30,97.89030
2014-10-31,99.15612
2014-11-03,99.57806
2014-11-04,99.15612
2014-11-05,99.57806
2014-11-06,100.84388
2014-11-07,97.89030
2014-11-10,100.42194
2014-11-11,.
2014-11-12,100.00000
2014-11-13,99.15612
2014-11-14,97.89030
2014-11-17,98.73418
2014-11-18,97.89030
2014-11-19,99.57806
2014-11-20,98.73418
2014-11-21,97.46835
2014-11-24,97.04641
2014-11-25,95.78059
2014-11-26,94.51477
2014-11-27,.
2014-11-28,91.98312
2014-12-01,93.67089
2014-12-02,96.20253
2014-12-03,96.62447
2014-12-04,94.93671
2014-12-05,97.46835
2014-12-08,95.35865
2014-12-09,93.67089
2014-12-10,91.98312
2014-12-11,92.40506
2014-12-12,88.60759
2014-12-15,89.45148
2014-12-16,87.34177
2014-12-17,90.29536
2014-12-18,93.67089
2014-12-19,91.56118
2014-12-22,91.56118
2014-12-23,95.35865
2014-12-24,95.78059
2014-12-25,.
2014-12-26,94.93671
2014-12-29,93.67089
2014-12-30,92.82700
2014-12-31,91.56118
2015-01-01,.
2015-01-02,89.45148
2015-01-05,86.07595
2015-01-06,83.12236
2015-01-07,82.70042
2015-01-08,85.65401
2015-01-09,83.54430
2015-01-12,81.01266
2015-01-13,80.59072
2015-01-14,78.48101
2015-01-15,74.68354
2015-01-16,77.21519
2015-01-19,.
2015-01-20,76.79325
2015-01-21,78.90295
2015-01-22,80.16878
2015-01-23,76.37131
2015-01-26,77.21519
2015-01-27,77.21519
2015-01-28,72.99578
2015-01-29,74.68354
2015-01-30,70.88608
2015-02-02,70.88608
2015-02-03,75.52743
2015-02-04,76.37131
2015-02-05,77.21519
2015-02-06,82.27848
2015-02-09,82.70042
2015-02-10,84.81013
2015-02-11,84.38819
2015-02-12,83.96624
2015-02-13,85.23207
2015-02-16,.
2015-02-17,90.29536
2015-02-18,87.34177
2015-02-19,89.02954
2015-02-20,89.87342
2015-02-23,86.91983
2015-02-24,83.96624
2015-02-25,82.70042
2015-02-26,85.65401
2015-02-27,84.38819
2015-03-02,87.76371
2015-03-03,89.45148
2015-03-04,89.45148
2015-03-05,89.02954
2015-03-06,94.51477
2015-03-09,92.82700
2015-03-10,90.29536
2015-03-11,89.02954
2015-03-12,88.60759
2015-03-13,89.87342
2015-03-16,88.60759
2015-03-17,86.91983
2015-03-18,81.43460
2015-03-19,83.54430
2015-03-20,81.43460
2015-03-23,81.01266
2015-03-24,79.32489
2015-03-25,81.43460
2015-03-26,84.81013
2015-03-27,82.27848
2015-03-30,82.70042
2015-03-31,81.85654
2015-04-01,78.90295
2015-04-02,81.01266
2015-04-03,78.05907
2015-04-06,81.01266
2015-04-07,79.74684
2015-04-08,81.01266
2015-04-09,83.12236
2015-04-10,82.70042
2015-04-13,81.85654
2015-04-14,80.16878
2015-04-15,80.59072
2015-04-16,80.16878
2015-04-17,78.90295
2015-04-20,80.16878
2015-04-21,81.01266
2015-04-22,83.96624
2015-04-23,82.70042
2015-04-24,81.43460
2015-04-27,81.85654
2015-04-28,84.38819
2015-04-29,86.91983
2015-04-30,86.49789
2015-05-01,89.45148
2015-05-04,91.13924
2015-05-05,92.40506
2015-05-06,94.93671
2015-05-07,91.98312
2015-05-08,91.13924
2015-05-11,96.20253
2015-05-12,96.20253
2015-05-13,95.78059
2015-05-14,94.09283
2015-05-15,90.29536
2015-05-18,94.09283
2015-05-19,95.78059
2015-05-20,95.35865
2015-05-21,92.40506
2015-05-22,93.24895
2015-05-25,.
2015-05-26,90.29536
2015-05-27,90.29536
2015-05-28,89.87342
2015-05-29,89.45148
2015-06-01,92.40506
2015-06-02,95.78059
2015-06-03,100.42194
2015-06-04,97.46835
2015-06-05,101.68776
2015-06-08,100.84388
2015-06-09,102.10970
2015-06-10,105.48523
2015-06-11,100.84388
2015-06-12,100.84388
2015-06-15,99.57806
2015-06-16,97.89030
2015-06-17,97.89030
2015-06-18,99.15612
2015-06-19,95.35865
2015-06-22,100.00000
2015-06-23,102.10970
2015-06-24,100.42194
2015-06-25,101.26582
2015-06-26,105.06329
2015-06-29,98.31224
2015-06-30,99.15612
2015-07-01,102.53165
2015-07-02,101.26582
2015-07-03,.
2015-07-06,97.04641
2015-07-07,95.78059
2015-07-08,93.67089
2015-07-09,97.89030
2015-07-10,102.10970
2015-07-13,102.95359
2015-07-14,101.68776
2015-07-15,99.57806
2015-07-16,99.57806
2015-07-17,98.73418
2015-07-20,100.42194
2015-07-21,99.15612
2015-07-22,98.31224
2015-07-23,96.20253
2015-07-24,95.78059
2015-07-27,94.09283
2015-07-28,95.35865
2015-07-29,96.62447
2015-07-30,96.20253
2015-07-31,92.82700
2015-08-03,91.13924
2015-08-04,94.09283
2015-08-05,96.20253
2015-08-06,94.09283
2015-08-07,91.98312
2015-08-10,94.51477
2015-08-11,90.71730
2015-08-12,90.29536
2015-08-13,92.40506
2015-08-14,92.82700
2015-08-17,91.13924
2015-08-18,92.82700
2015-08-19,89.45148
2015-08-20,88.18565
2015-08-21,86.49789
2015-08-24,84.81013
2015-08-25,89.45148
2015-08-26,91.98312
2015-08-27,91.98312
2015-08-28,92.40506
2015-08-31,93.24895
2015-09-01,91.56118
2015-09-02,92.82700
2015-09-03,91.98312
2015-09-04,89.87342
2015-09-07,.
2015-09-08,92.82700
2015-09-09,93.24895
2015-09-10,94.09283
2015-09-11,92.82700
2015-09-14,91.98312
2015-09-15,96.20253
2015-09-16,97.04641
2015-09-17,93.24895
2015-09-18,89.87342
2015-09-21,92.82700
2015-09-22,90.29536
2015-09-23,91.13924
2015-09-24,89.87342
2015-09-25,91.56118
2015-09-28,88.60759
2015-09-29,86.49789
2015-09-30,86.91983
2015-10-01,86.49789
2015-10-02,83.96624
2015-10-05,87.34177
2015-10-06,86.49789
2015-10-07,87.76371
2015-10-08,89.45148
2015-10-09,89.45148
2015-10-12,.
2015-10-13,86.91983
2015-10-14,83.96624
2015-10-15,86.07595
2015-10-16,86.07595
2015-10-19,86.07595
2015-10-20,87.76371
2015-10-21,86.07595
2015-10-22,86.07595
2015-10-23,88.18565
2015-10-26,87.34177
2015-10-27,86.49789
2015-10-28,88.60759
2015-10-29,92.40506
2015-10-30,91.13924
2015-11-02,92.82700
2015-11-03,94.09283
2015-11-04,94.93671
2015-11-05,95.35865
2015-11-06,98.73418
2015-11-09,99.57806
2015-11-10,97.89030
2015-11-11,.
2015-11-12,97.89030
2015-11-13,96.20253
2015-11-16,95.78059
2015-11-17,94.93671
2015-11-18,95.78059
2015-11-19,94.51477
2015-11-20,95.35865
2015-11-23,94.93671
2015-11-24,94.51477
2015-11-25,94.09283
2015-11-26,.
2015-11-27,93.67089
2015-11-30,93.24895
2015-12-01,90.71730
2015-12-02,91.98312
2015-12-03,98.31224
2015-12-04,96.20253
2015-12-07,94.09283
2015-12-08,94.51477
2015-12-09,93.67089
2015-12-10,94.51477
2015-12-11,89.87342
2015-12-14,94.09283
2015-12-15,96.20253
2015-12-16,97.04641
2015-12-17,94.51477
2015-12-18,92.40506
2015-12-21,92.82700
2015-12-22,94.51477
2015-12-23,95.78059
2015-12-24,94.93671
2015-12-25,.
2015-12-28,94.51477
2015-12-29,97.89030
2015-12-30,97.46835
2015-12-31,95.78059
2016-01-01,.
2016-01-04,94.51477
2016-01-05,94.93671
2016-01-06,91.98312
2016-01-07,91.13924
2016-01-08,89.87342
2016-01-11,91.56118
2016-01-12,89.45148
2016-01-13,87.76371
2016-01-14,88.60759
2016-01-15,85.65401
2016-01-18,.
2016-01-19,86.91983
2016-01-20,84.81013
2016-01-21,85.23207
2016-01-22,87.34177
2016-01-25,85.65401
2016-01-26,84.81013
2016-01-27,85.23207
2016-01-28,84.38819
2016-01-29,81.85654
2016-02-01,83.12236
2016-02-02,78.90295
2016-02-03,79.32489
2016-02-04,78.90295
2016-02-05,78.48101
2016-02-08,73.83966
2016-02-09,73.41772
2016-02-10,72.15190
2016-02-11,68.77637
2016-02-12,73.41772
2016-02-15,.
2016-02-16,75.10549
2016-02-17,76.37131
2016-02-18,73.83966
2016-02-19,74.26160
2016-02-22,74.68354
2016-02-23,73.41772
2016-02-24,73.83966
2016-02-25,72.15190
2016-02-26,74.26160
2016-02-29,73.41772
2016-03-01,77.21519
2016-03-02,77.63713
2016-03-03,77.21519
2016-03-04,79.32489
2016-03-07,80.59072
2016-03-08,77.21519
2016-03-09,80.16878
2016-03-10,81.43460
2016-03-11,83.54430
2016-03-14,83.12236
2016-03-15,83.12236
2016-03-16,81.85654
2016-03-17,80.59072
2016-03-18,79.32489
2016-03-21,81.01266
2016-03-22,81.85654
2016-03-23,79.32489
2016-03-24,80.59072
2016-03-25,.
2016-03-28,79.74684
2016-03-29,76.37131
2016-03-30,77.21519
2016-03-31,75.10549
2016-04-01,75.52743
2016-04-04,75.10549
2016-04-05,72.99578
2016-04-06,74.26160
2016-04-07,71.72996
2016-04-08,72.57384
2016-04-11,72.99578
2016-04-12,75.52743
2016-04-13,74.68354
2016-04-14,75.94937
2016-04-15,74.26160
2016-04-18,75.10549
2016-04-19,75.52743
2016-04-20,78.05907
2016-04-21,79.32489
2016-04-22,79.74684
2016-04-25,80.59072
2016-04-26,81.85654
2016-04-27,78.90295
2016-04-28,77.63713
2016-04-29,77.21519
2016-05-02,79.32489
2016-05-03,76.37131
2016-05-04,75.52743
2016-05-05,74.26160
2016-05-06,75.52743
2016-05-09,74.68354
2016-05-10,74.68354
2016-05-11,72.99578
2016-05-12,73.83966
2016-05-13,72.15190
2016-05-16,73.83966
2016-05-17,74.26160
2016-05-18,78.90295
2016-05-19,78.05907
2016-05-20,78.05907
2016-05-23,77.63713
2016-05-24,78.48101
2016-05-25,78.90295
2016-05-26,77.21519
2016-05-27,78.05907
2016-05-30,.
2016-05-31,77.63713
2016-06-01,78.05907
2016-06-02,76.37131
2016-06-03,72.15190
2016-06-06,72.99578
2016-06-07,72.57384
2016-06-08,72.15190
2016-06-09,70.88608
2016-06-10,69.19831
2016-06-13,68.35443
2016-06-14,68.35443
2016-06-15,67.51055
2016-06-16,66.24473
2016-06-17,68.35443
2016-06-20,70.46414
2016-06-21,72.15190
2016-06-22,71.30802
2016-06-23,73.41772
2016-06-24,66.24473
2016-06-27,61.60338
2016-06-28,61.60338
2016-06-29,63.29114
2016-06-30,62.86920
2016-07-01,61.60338
2016-07-04,.
2016-07-05,57.80591
2016-07-06,58.22785
2016-07-07,59.07173
2016-07-08,57.80591
2016-07-11,60.33755
2016-07-12,64.55696
2016-07-13,62.44726
2016-07-14,64.55696
2016-07-15,67.51055
2016-07-18,67.08861
2016-07-19,65.82278
2016-07-20,67.08861
2016-07-21,66.24473
2016-07-22,66.24473
2016-07-25,66.66667
2016-07-26,66.24473
2016-07-27,64.13502
2016-07-28,64.13502
2016-07-29,61.60338
2016-08-01,63.71308
2016-08-02,65.40084
2016-08-03,65.40084
2016-08-04,63.71308
2016-08-05,67.08861
2016-08-08,67.08861
2016-08-09,65.40084
2016-08-10,63.29114
2016-08-11,66.24473
2016-08-12,63.71308
2016-08-15,65.40084
2016-08-16,66.24473
2016-08-17,65.82278
2016-08-18,64.55696
2016-08-19,66.66667
2016-08-22,65.40084
2016-08-23,65.40084
2016-08-24,65.82278
2016-08-25,66.66667
2016-08-26,68.35443
2016-08-29,66.24473
2016-08-30,66.24473
2016-08-31,66.66667
2016-09-01,66.24473
2016-09-02,67.51055
2016-09-05,.
2016-09-06,65.40084
2016-09-07,64.97890
2016-09-08,67.93249
2016-09-09,70.46414
2016-09-12,70.88608
2016-09-13,72.99578
2016-09-14,71.72996
2016-09-15,72.15190
2016-09-16,71.72996
2016-09-19,71.72996
2016-09-20,71.30802
2016-09-21,70.04219
2016-09-22,68.77637
2016-09-23,68.35443
2016-09-26,67.08861
2016-09-27,65.82278
2016-09-28,66.24473
2016-09-29,65.82278
2016-09-30,67.51055
2016-10-03,68.77637
2016-10-04,71.30802
2016-10-05,72.57384
2016-10-06,73.83966
2016-10-07,72.99578
2016-10-10,.
2016-10-11,74.68354
2016-10-12,75.52743
2016-10-13,73.83966
2016-10-14,75.94937
2016-10-17,74.68354
2016-10-18,73.83966
2016-10-19,74.26160
2016-10-20,74.26160
2016-10-21,73.41772
2016-10-24,74.68354
2016-10-25,74.68354
2016-10-26,75.52743
2016-10-27,78.05907
2016-10-28,78.48101
2016-10-31,77.63713
2016-11-01,77.21519
2016-11-02,76.37131
2016-11-03,76.79325
2016-11-04,75.52743
2016-11-07,77.21519
2016-11-08,79.32489
2016-11-09,87.34177
2016-11-10,90.71730
2016-11-11,.
2016-11-14,94.09283
2016-11-15,94.09283
2016-11-16,93.67089
2016-11-17,96.62447
2016-11-18,98.73418
2016-11-21,98.31224
2016-11-22,97.46835
2016-11-23,99.57806
2016-11-24,.
2016-11-25,99.57806
2016-11-28,97.89030
2016-11-29,97.04641
2016-11-30,100.00000
2016-12-01,103.37553
2016-12-02,101.26582
2016-12-05,100.84388
2016-12-06,100.84388
2016-12-07,98.73418
2016-12-08,101.26582
2016-12-09,104.21941
2016-12-12,105.06329
2016-12-13,104.64135
2016-12-14,107.17300
2016-12-15,109.70464
2016-12-16,109.70464
2016-12-19,107.17300
2016-12-20,108.43882
2016-12-21,107.59494
2016-12-22,107.59494
2016-12-23,107.59494
2016-12-26,.
2016-12-27,108.43882
2016-12-28,105.90717
2016-12-29,105.06329
2016-12-30,103.37553
2017-01-02,.
2017-01-03,103.37553
2017-01-04,103.79747
2017-01-05,100.00000
2017-01-06,102.10970
2017-01-09,100.42194
2017-01-10,100.42194
2017-01-11,100.42194
2017-01-12,99.57806
2017-01-13,101.26582
2017-01-16,.
2017-01-17,98.31224
2017-01-18,102.10970
2017-01-19,104.21941
2017-01-20,104.64135
2017-01-23,101.68776
2017-01-24,104.21941
2017-01-25,106.75105
2017-01-26,105.90717
2017-01-27,105.06329
2017-01-30,105.06329
2017-01-31,103.37553
2017-02-01,104.64135
2017-02-02,104.64135
2017-02-03,105.06329
2017-02-06,102.10970
2017-02-07,101.26582
2017-02-08,98.73418
2017-02-09,101.26582
2017-02-10,101.68776
2017-02-13,102.53165
2017-02-14,104.21941
2017-02-15,105.90717
2017-02-16,103.37553
2017-02-17,102.10970
2017-02-20,.
2017-02-21,102.53165
2017-02-22,102.10970
2017-02-23,100.42194
2017-02-24,97.46835
2017-02-27,99.57806
2017-02-28,99.57806
2017-03-01,103.79747
2017-03-02,105.06329
2017-03-03,105.06329
2017-03-06,105.06329
2017-03-07,106.32911
2017-03-08,108.43882
2017-03-09,109.70464
2017-03-10,108.86076
2017-03-13,110.54852
2017-03-14,109.70464
2017-03-15,105.90717
2017-03-16,106.75105
2017-03-17,105.48523
2017-03-20,104.21941
2017-03-21,102.53165
2017-03-22,101.26582
2017-03-23,101.68776
2017-03-24,101.26582
2017-03-27,100.42194
2017-03-28,102.10970
2017-03-29,100.84388
2017-03-30,102.10970
2017-03-31,101.26582
2017-04-03,99.15612
2017-04-04,99.57806
2017-04-05,98.73418
2017-04-06,98.73418
2017-04-07,100.42194
2017-04-10,100.00000
2017-04-11,97.89030
2017-04-12,96.20253
2017-04-13,94.51477
2017-04-14,.
2017-04-17,95.35865
2017-04-18,91.98312
2017-04-19,93.24895
2017-04-20,94.51477
2017-04-21,94.51477
2017-04-24,96.20253
2017-04-25,99.15612
2017-04-26,97.89030
2017-04-27,97.04641
2017-04-28,96.62447
2017-05-01,98.31224
2017-05-02,96.62447
2017-05-03,98.31224
2017-05-04,99.57806
2017-05-05,99.57806
2017-05-08,100.84388
2017-05-09,102.10970
2017-05-10,101.68776
2017-05-11,100.84388
2017-05-12,98.31224
2017-05-15,98.73418
2017-05-16,98.31224
2017-05-17,93.67089
2017-05-18,94.09283
2017-05-19,94.09283
2017-05-22,94.93671
2017-05-23,96.62447
2017-05-24,95.35865
2017-05-25,94.93671
2017-05-26,94.93671
2017-05-29,.
2017-05-30,93.24895
2017-05-31,93.24895
2017-06-01,93.24895
2017-06-02,90.71730
2017-06-05,91.98312
2017-06-06,90.29536
2017-06-07,91.98312
2017-06-08,92.40506
2017-06-09,93.24895
2017-06-12,93.24895
2017-06-13,93.24895
2017-06-14,90.71730
2017-06-15,91.13924
2017-06-16,91.13924
2017-06-19,92.40506
2017-06-20,91.13924
2017-06-21,91.13924
2017-06-22,90.71730
2017-06-23,90.71730
2017-06-26,90.29536
2017-06-27,93.24895
2017-06-28,93.67089
2017-06-29,95.78059
2017-06-30,97.46835
2017-07-03,99.15612
2017-07-04,.
2017-07-05,98.31224
2017-07-06,100.00000
2017-07-07,100.84388
2017-07-10,100.42194
2017-07-11,100.00000
2017-07-12,98.31224
2017-07-13,99.15612
2017-07-14,98.31224
2017-07-17,97.46835
2017-07-18,95.78059
2017-07-19,95.78059
2017-07-20,95.78059
2017-07-21,94.51477
2017-07-24,95.35865
2017-07-25,98.31224
2017-07-26,96.62447
2017-07-27,97.89030
2017-07-28,97.04641
2017-07-31,97.04641
2017-08-01,95.35865
2017-08-02,95.78059
2017-08-03,94.51477
2017-08-04,95.78059
2017-08-07,95.35865
2017-08-08,96.62447
2017-08-09,94.51477
2017-08-10,92.82700
2017-08-11,92.40506
2017-08-14,93.67089
2017-08-15,95.78059
2017-08-16,94.09283
2017-08-17,92.40506
2017-08-18,92.40506
2017-08-21,91.98312
2017-08-22,93.67089
2017-08-23,91.56118
2017-08-24,92.40506
2017-08-25,91.56118
2017-08-28,91.13924
2017-08-29,89.87342
2017-08-30,90.71730
2017-08-31,89.45148
2017-09-01,91.13924
2017-09-04,.
2017-09-05,87.34177
2017-09-06,88.60759
2017-09-07,86.49789
2017-09-08,86.91983
2017-09-11,90.29536
2017-09-12,91.56118
2017-09-13,92.82700
2017-09-14,92.82700
2017-09-15,92.82700
2017-09-18,94.09283
2017-09-19,94.51477
2017-09-20,96.20253
2017-09-21,95.78059
2017-09-22,95.35865
2017-09-25,93.67089
2017-09-26,94.51477
2017-09-27,97.46835
2017-09-28,97.46835
2017-09-29,98.31224
2017-10-02,98.73418
2017-10-03,98.31224
2017-10-04,98.31224
2017-10-05,99.15612
2017-10-06,100.00000
2017-10-09,.
2017-10-10,99.15612
2017-10-11,99.15612
2017-10-12,98.31224
2017-10-13,96.20253
2017-10-16,97.04641
2017-10-17,97.04641
2017-10-18,98.73418
2017-10-19,98.31224
2017-10-20,100.84388
2017-10-23,100.42194
2017-10-24,102.10970
2017-10-25,102.95359
2017-10-26,103.79747
2017-10-27,102.10970
2017-10-30,100.00000
2017-10-31,100.42194
2017-11-01,100.00000
2017-11-02,99.15612
2017-11-03,98.73418
2017-11-06,97.89030
2017-11-07,97.89030
2017-11-08,97.89030
2017-11-09,98.31224
2017-11-10,101.26582
2017-11-13,101.26582
2017-11-14,100.42194
2017-11-15,98.31224
2017-11-16,100.00000
2017-11-17,99.15612
2017-11-20,100.00000
2017-11-21,99.57806
2017-11-22,97.89030
2017-11-23,.
2017-11-24,98.73418
2017-11-27,97.89030
2017-11-28,98.73418
2017-11-29,100.00000
2017-11-30,102.10970
2017-12-01,100.00000
2017-12-04,100.00000
2017-12-05,99.57806
2017-12-06,98.31224
2017-12-07,100.00000
2017-12-08,100.42194
2017-12-11,100.84388
2017-12-12,101.26582
2017-12-13,99.57806
2017-12-14,99.15612
2017-12-15,99.15612
2017-12-18,100.84388
2017-12-19,103.79747
2017-12-20,105.06329
2017-12-21,104.64135
2017-12-22,104.64135
2017-12-25,.
2017-12-26,104.21941
2017-12-27,102.10970
2017-12-28,102.53165
2017-12-29,101.26582
2018-01-01,.
2018-01-02,103.79747
2018-01-03,102.95359
2018-01-04,103.79747
2018-01-05,104.21941
2018-01-08,105.06329
2018-01-09,107.59494
2018-01-10,107.59494
2018-01-11,107.17300
2018-01-12,107.59494
2018-01-15,.
2018-01-16,107.17300
2018-01-17,108.43882
2018-01-18,110.54852
2018-01-19,111.39241
2018-01-22,112.23629
2018-01-23,110.97046
2018-01-24,111.81435
2018-01-25,110.97046
2018-01-26,112.23629
2018-01-29,113.92405
2018-01-30,115.18987
2018-01-31,114.76793
2018-02-01,117.29958
2018-02-02,119.83122
2018-02-05,116.87764
2018-02-06,117.72152
2018-02-07,119.83122
2018-02-08,120.25316
2018-02-09,119.40928
2018-02-12,120.67511
2018-02-13,119.40928
2018-02-14,122.78481
2018-02-15,122.36287
2018-02-16,121.09705
2018-02-19,.
2018-02-20,121.51899
2018-02-21,124.05063
2018-02-22,123.20675
2018-02-23,121.51899
2018-02-26,120.67511
2018-02-27,122.36287
2018-02-28,121.09705
2018-03-01,118.56540
2018-03-02,120.67511
2018-03-05,121.51899
2018-03-06,121.51899
2018-03-07,121.94093
2018-03-08,120.67511
2018-03-09,122.36287
2018-03-12,121.09705
2018-03-13,119.83122
2018-03-14,118.56540
2018-03-15,118.98734
2018-03-16,120.25316
2018-03-19,120.25316
2018-03-20,121.94093
2018-03-21,121.94093
2018-03-22,119.40928
2018-03-23,118.98734
2018-03-26,120.25316
2018-03-27,117.29958
2018-03-28,116.87764
2018-03-29,115.61181
2018-03-30,.
2018-04-02,115.18987
2018-04-03,117.72152
2018-04-04,117.72152
2018-04-05,119.40928
2018-04-06,116.87764
2018-04-09,117.29958
2018-04-10,118.14346
2018-04-11,117.72152
2018-04-12,119.40928
2018-04-13,118.98734
2018-04-16,119.40928
2018-04-17,118.98734
2018-04-18,121.09705
2018-04-19,123.20675
2018-04-20,124.89451
2018-04-23,125.73840
2018-04-24,126.58228
2018-04-25,127.84810
2018-04-26,126.58228
2018-04-27,124.89451
2018-04-30,124.47257
2018-05-01,125.31646
2018-05-02,125.31646
2018-05-03,124.05063
2018-05-04,124.47257
2018-05-07,124.47257
2018-05-08,125.31646
2018-05-09,126.58228
2018-05-10,125.31646
2018-05-11,125.31646
2018-05-14,126.58228
2018-05-15,129.95781
2018-05-16,130.37975
2018-05-17,131.22363
2018-05-18,129.11392
2018-05-21,129.11392
2018-05-22,129.11392
2018-05-23,127.00422
2018-05-24,125.73840
2018-05-25,123.62869
2018-05-28,.
2018-05-29,116.87764
2018-05-30,119.83122
2018-05-31,119.40928
2018-06-01,121.94093
2018-06-04,124.05063
2018-06-05,123.20675
2018-06-06,125.31646
2018-06-07,123.62869
2018-06-08,123.62869
2018-06-11,124.89451
2018-06-12,124.89451
2018-06-13,125.73840
2018-06-14,124.05063
2018-06-15,123.62869
2018-06-18,123.20675
2018-06-19,121.94093
2018-06-20,123.62869
2018-06-21,122.36287
2018-06-22,122.36287
2018-06-25,121.09705
2018-06-26,121.51899
2018-06-27,119.40928
2018-06-28,119.83122
2018-06-29,120.25316
2018-07-02,121.09705
2018-07-03,119.40928
2018-07-04,.
2018-07-05,119.83122
2018-07-06,118.98734
2018-07-09,120.67511
2018-07-10,121.09705
2018-07-11,120.25316
2018-07-12,120.25316
2018-07-13,119.40928
2018-07-16,120.25316
2018-07-17,120.67511
2018-07-18,121.51899
2018-07-19,119.83122
2018-07-20,121.94093
2018-07-23,124.89451
2018-07-24,124.47257
2018-07-25,124.05063
2018-07-26,125.73840
2018-07-27,124.89451
2018-07-30,125.73840
2018-07-31,124.89451
2018-08-01,126.58228
2018-08-02,125.73840
2018-08-03,124.47257
2018-08-06,124.05063
2018-08-07,125.73840
2018-08-08,124.89451
2018-08-09,123.62869
2018-08-10,121.09705
2018-08-13,121.51899
2018-08-14,121.94093
2018-08-15,120.67511
2018-08-16,121.09705
2018-08-17,121.09705
2018-08-20,118.98734
2018-08-21,120.25316
2018-08-22,118.98734
2018-08-23,118.98734
2018-08-24,118.98734
2018-08-27,120.25316
2018-08-28,121.51899
2018-08-29,121.94093
2018-08-30,120.67511
2018-08-31,120.67511
2018-09-03,.
2018-09-04,122.36287
2018-09-05,122.36287
2018-09-06,121.51899
2018-09-07,124.05063
2018-09-10,124.05063
2018-09-11,125.73840
2018-09-12,125.31646
2018-09-13,125.31646
2018-09-14,126.16034
2018-09-17,126.16034
2018-09-18,128.69198
2018-09-19,129.95781
2018-09-20,129.53586
2018-09-21,129.53586
2018-09-24,129.95781
2018-09-25,130.80169
2018-09-26,129.11392
2018-09-27,129.11392
2018-09-28,128.69198
2018-10-01,130.37975
2018-10-02,128.69198
2018-10-03,132.91139
2018-10-04,134.59916
2018-10-05,136.28692
2018-10-08,.
2018-10-09,135.44304
2018-10-10,135.86498
2018-10-11,132.48945
2018-10-12,132.91139
2018-10-15,133.33333
2018-10-16,133.33333
2018-10-17,134.59916
2018-10-18,133.75527
2018-10-19,135.02110
2018-10-22,135.02110
2018-10-23,133.75527
2018-10-24,130.80169
2018-10-25,132.48945
2018-10-26,129.95781
2018-10-29,129.95781
2018-10-30,131.64557
2018-10-31,132.91139
2018-11-01,132.48945
2018-11-02,135.86498
2018-11-05,135.02110
2018-11-06,135.86498
2018-11-07,135.86498
2018-11-08,136.70886
2018-11-09,134.59916
2018-11-12,.
2018-11-13,132.48945
2018-11-14,131.64557
2018-11-15,131.22363
2018-11-16,129.95781
2018-11-19,129.11392
2018-11-20,129.11392
2018-11-21,129.11392
2018-11-22,.
2018-11-23,128.69198
2018-11-26,129.53586
2018-11-27,129.11392
2018-11-28,129.11392
2018-11-29,127.84810
2018-11-30,127.00422
2018-12-03,125.73840
2018-12-04,122.78481
2018-12-05,.
2018-12-06,121.09705
2018-12-07,120.25316
2018-12-10,120.25316
2018-12-11,121.94093
2018-12-12,122.78481
2018-12-13,122.78481
2018-12-14,121.94093
2018-12-17,120.67511
2018-12-18,118.98734
2018-12-19,116.87764
2018-12-20,117.72152
2018-12-21,117.72152
2018-12-24,115.61181
2018-12-25,.
2018-12-26,118.56540
2018-12-27,116.87764
2018-12-28,114.76793
2018-12-31,113.50211
2019-01-01,.
2019-01-02,112.23629
2019-01-03,108.01688
2019-01-04,112.65823
2019-01-07,113.92405
2019-01-08,115.18987
2019-01-09,115.61181
2019-01-10,115.61181
2019-01-11,114.34599
2019-01-14,114.34599
2019-01-15,114.76793
2019-01-16,115.18987
2019-01-17,116.03376
2019-01-18,117.72152
2019-01-21,.
2019-01-22,115.61181
2019-01-23,116.45570
2019-01-24,114.76793
2019-01-25,116.45570
2019-01-28,116.03376
2019-01-29,114.76793
2019-01-30,113.92405
2019-01-31,110.97046
2019-02-01,113.92405
2019-02-04,115.18987
2019-02-05,114.34599
2019-02-06,113.92405
2019-02-07,111.81435
2019-02-08,110.97046
2019-02-11,111.81435
2019-02-12,113.08017
2019-02-13,114.34599
2019-02-14,112.23629
2019-02-15,112.23629
2019-02-18,.
2019-02-19,111.81435
2019-02-20,111.81435
2019-02-21,113.50211
2019-02-22,111.81435
2019-02-25,112.65823
2019-02-26,111.39241
2019-02-27,113.50211
2019-02-28,115.18987
2019-03-01,116.45570
2019-03-04,114.76793
2019-03-05,114.76793
2019-03-06,113.50211
2019-03-07,111.39241
2019-03-08,110.54852
2019-03-11,111.39241
2019-03-12,110.12658
2019-03-13,110.12658
2019-03-14,110.97046
2019-03-15,109.28270
2019-03-18,109.70464
2019-03-19,110.12658
2019-03-20,107.17300
2019-03-21,107.17300
2019-03-22,102.95359
2019-03-25,102.53165
2019-03-26,101.68776
2019-03-27,100.84388
2019-03-28,100.84388
2019-03-29,101.68776
2019-04-01,105.06329
2019-04-02,104.64135
2019-04-03,106.32911
2019-04-04,105.90717
2019-04-05,105.48523
2019-04-08,106.32911
2019-04-09,105.90717
2019-04-10,104.64135
2019-04-11,105.90717
2019-04-12,108.01688
2019-04-15,107.59494
2019-04-16,109.70464
2019-04-17,109.28270
2019-04-18,108.43882
2019-04-19,.
2019-04-22,109.28270
2019-04-23,108.43882
2019-04-24,106.75105
2019-04-25,107.17300
2019-04-26,105.90717
2019-04-29,107.17300
2019-04-30,105.90717
2019-05-01,106.32911
2019-05-02,107.59494
2019-05-03,107.17300
2019-05-06,105.90717
2019-05-07,103.37553
2019-05-08,105.06329
2019-05-09,103.37553
2019-05-10,104.21941
2019-05-13,101.26582
2019-05-14,102.10970
2019-05-15,100.00000
2019-05-16,101.26582
2019-05-17,100.84388
2019-05-20,101.68776
2019-05-21,102.53165
2019-05-22,100.84388
2019-05-23,97.46835
2019-05-24,97.89030
2019-05-27,.
2019-05-28,95.35865
2019-05-29,94.93671
2019-05-30,93.67089
2019-05-31,90.29536
2019-06-03,87.34177
2019-06-04,89.45148
2019-06-05,89.45148
2019-06-06,89.45148
2019-06-07,88.18565
2019-06-10,90.71730
2019-06-11,90.71730
2019-06-12,89.87342
2019-06-13,88.60759
2019-06-14,88.18565
2019-06-17,88.18565
2019-06-18,86.91983
2019-06-19,85.65401
2019-06-20,84.81013
2019-06-21,87.34177
2019-06-24,85.23207
2019-06-25,84.38819
2019-06-26,86.49789
2019-06-27,84.81013
2019-06-28,84.38819
2019-07-01,85.65401
2019-07-02,83.54430
2019-07-03,82.70042
2019-07-04,.
2019-07-05,86.07595
2019-07-08,86.49789
2019-07-09,87.34177
2019-07-10,87.34177
2019-07-11,89.87342
2019-07-12,89.45148
2019-07-15,88.18565
2019-07-16,89.87342
2019-07-17,86.91983
2019-07-18,86.07595
2019-07-19,86.49789
2019-07-22,86.49789
2019-07-23,87.76371
2019-07-24,86.49789
2019-07-25,87.76371
2019-07-26,87.76371
2019-07-29,86.91983
2019-07-30,86.91983
2019-07-31,85.23207
2019-08-01,80.16878
2019-08-02,78.48101
2019-08-05,73.83966
2019-08-06,72.99578
2019-08-07,72.15190
2019-08-08,72.57384
2019-08-09,73.41772
2019-08-12,69.62025
2019-08-13,70.88608
2019-08-14,67.08861
2019-08-15,64.13502
2019-08-16,65.40084
2019-08-19,67.51055
2019-08-20,65.40084
2019-08-21,67.08861
2019-08-22,68.35443
2019-08-23,64.13502
2019-08-26,64.97890
2019-08-27,62.86920
2019-08-28,62.02532
2019-08-29,63.29114
2019-08-30,63.29114
2019-09-02,.
2019-09-03,62.02532
2019-09-04,62.02532
2019-09-05,66.24473
2019-09-06,65.40084
2019-09-09,68.77637
2019-09-10,72.57384
2019-09-11,73.83966
2019-09-12,75.52743
2019-09-13,80.16878
2019-09-16,77.63713
2019-09-17,76.37131
2019-09-18,75.94937
2019-09-19,75.52743
2019-09-20,73.41772
2019-09-23,72.57384
2019-09-24,69.19831
2019-09-25,72.99578
2019-09-26,71.72996
2019-09-27,71.30802
2019-09-30,70.88608
2019-10-01,69.62025
2019-10-02,67.51055
2019-10-03,64.97890
2019-10-04,64.13502
2019-10-07,65.82278
2019-10-08,64.97890
2019-10-09,67.08861
2019-10-10,70.46414
2019-10-11,74.26160
2019-10-14,.
2019-10-15,74.68354
2019-10-16,73.83966
2019-10-17,74.26160
2019-10-18,74.26160
2019-10-21,75.94937
2019-10-22,75.10549
2019-10-23,74.68354
2019-10-24,74.68354
2019-10-25,75.94937
2019-10-28,78.05907
2019-10-29,77.63713
2019-10-30,75.10549
2019-10-31,71.30802
2019-11-01,72.99578
2019-11-04,75.52743
2019-11-05,78.48101
2019-11-06,76.37131
2019-11-07,81.01266
2019-11-08,81.85654
2019-11-11,.
2019-11-12,81.01266
2019-11-13,79.32489
2019-11-14,76.79325
2019-11-15,77.63713
2019-11-18,76.37131
2019-11-19,75.52743
2019-11-20,72.99578
2019-11-21,74.68354
2019-11-22,74.68354
2019-11-25,74.26160
2019-11-26,73.41772
2019-11-27,74.68354
2019-11-28,.
2019-11-29,75.10549
2019-12-02,77.21519
2019-12-03,72.57384
2019-12-04,74.68354
2019-12-05,75.94937
2019-12-06,77.63713
2019-12-09,77.21519
2019-12-10,78.05907
2019-12-11,75.52743
2019-12-12,80.16878
2019-12-13,76.79325
2019-12-16,79.74684
2019-12-17,79.74684
2019-12-18,81.01266
2019-12-19,81.01266
2019-12-20,81.01266
2019-12-23,81.43460
2019-12-24,80.16878
2019-12-25,.
2019-12-26,80.16878
2019-12-27,79.32489
2019-12-30,80.16878
2019-12-31,81.01266
2020-01-01,.
2020-01-02,79.32489
2020-01-03,75.94937
2020-01-06,76.37131
2020-01-07,77.21519
2020-01-08,78.90295
2020-01-09,78.05907
2020-01-10,77.21519
2020-01-13,78.05907
2020-01-14,76.79325
2020-01-15,75.52743
2020-01-16,76.37131
2020-01-17,77.63713
2020-01-20,.
2020-01-21,75.10549
2020-01-22,74.68354
2020-01-23,73.41772
2020-01-24,71.72996
2020-01-27,67.93249
2020-01-28,69.62025
2020-01-29,67.51055
2020-01-30,66.24473
2020-01-31,63.71308
2020-02-03,64.97890
2020-02-04,67.93249
2020-02-05,70.04219
2020-02-06,69.62025
2020-02-07,67.08861
2020-02-10,65.82278
2020-02-11,67.08861
2020-02-12,68.35443
2020-02-13,67.93249
2020-02-14,67.08861
2020-02-17,.
2020-02-18,65.40084
2020-02-19,65.82278
2020-02-20,64.13502
2020-02-21,61.60338
2020-02-24,58.22785
2020-02-25,56.11814
2020-02-26,56.11814
2020-02-27,54.85232
2020-02-28,47.67932
2020-03-02,46.41350
2020-03-03,43.03797
2020-03-04,43.03797
2020-03-05,38.81857
2020-03-06,31.22363
2020-03-09,22.78481
2020-03-10,32.06751
2020-03-11,34.59916
2020-03-12,37.13080
2020-03-13,39.66245
2020-03-16,30.80169
2020-03-17,43.03797
2020-03-18,49.78903
2020-03-19,47.25738
2020-03-20,38.81857
2020-03-23,32.06751
2020-03-24,35.44304
2020-03-25,37.13080
2020-03-26,35.02110
2020-03-27,30.37975
2020-03-30,29.53586
2020-03-31,29.53586
2020-04-01,26.16034
2020-04-02,26.58228
2020-04-03,26.16034
2020-04-06,28.27004
2020-04-07,31.64557
2020-04-08,32.48945
2020-04-09,30.80169
2020-04-10,.
2020-04-13,32.06751
2020-04-14,32.06751
2020-04-15,26.58228
2020-04-16,25.73840
2020-04-17,27.42616
2020-04-20,26.58228
2020-04-21,24.47257
2020-04-22,26.58228
2020-04-23,25.73840
2020-04-24,25.31646
2020-04-27,28.27004
2020-04-28,26.16034
2020-04-29,26.58228
2020-04-30,27.00422
2020-05-01,27.00422
2020-05-04,27.00422
2020-05-05,27.84810
2020-05-06,30.37975
2020-05-07,26.58228
2020-05-08,29.11392
2020-05-11,30.80169
2020-05-12,29.11392
2020-05-13,27.00422
2020-05-14,26.58228
2020-05-15,27.00422
2020-05-18,30.80169
2020-05-19,29.53586
2020-05-20,28.69198
2020-05-21,28.69198
2020-05-22,27.84810
2020-05-25,.
2020-05-26,29.11392
2020-05-27,28.69198
2020-05-28,29.53586
2020-05-29,27.42616
2020-06-01,27.84810
2020-06-02,28.69198
2020-06-03,32.48945
2020-06-04,34.59916
2020-06-05,38.39662
2020-06-08,37.13080
2020-06-09,35.44304
2020-06-10,31.64557
2020-06-11,27.84810
2020-06-12,29.95781
2020-06-15,29.95781
2020-06-16,31.64557
2020-06-17,31.22363
2020-06-18,29.95781
2020-06-19,29.53586
2020-06-22,29.95781
2020-06-23,30.37975
2020-06-24,29.11392
2020-06-25,28.69198
2020-06-26,27.00422
2020-06-29,27.00422
2020-06-30,27.84810
2020-07-01,29.11392
2020-07-02,28.69198
2020-07-03,.
2020-07-06,29.11392
2020-07-07,27.42616
2020-07-08,28.27004
2020-07-09,26.16034
2020-07-10,27.42616
2020-07-13,27.00422
2020-07-14,26.58228
2020-07-15,27.00422
2020-07-16,26.16034
2020-07-17,27.00422
2020-07-20,26.16034
2020-07-21,25.73840
2020-07-22,25.31646
2020-07-23,24.89451
2020-07-24,24.89451
2020-07-27,26.16034
2020-07-28,24.89451
2020-07-29,24.47257
2020-07-30,23.20675
2020-07-31,23.20675
2020-08-03,23.62869
2020-08-04,21.94093
2020-08-05,23.20675
2020-08-06,23.20675
2020-08-07,24.05063
2020-08-10,24.89451
2020-08-11,27.00422
2020-08-12,29.11392
2020-08-13,29.95781
2020-08-14,29.95781
2020-08-17,29.11392
2020-08-18,28.27004
2020-08-19,28.69198
2020-08-20,27.42616
2020-08-21,27.00422
2020-08-24,27.42616
2020-08-25,29.11392
2020-08-26,29.11392
2020-08-27,31.22363
2020-08-28,31.22363
2020-08-31,30.37975
2020-09-01,28.69198
2020-09-02,27.84810
2020-09-03,26.58228
2020-09-04,30.37975
2020-09-07,.
2020-09-08,29.11392
2020-09-09,29.95781
2020-09-10,28.69198
2020-09-11,28.27004
2020-09-14,28.69198
2020-09-15,28.69198
2020-09-16,29.11392
2020-09-17,29.11392
2020-09-18,29.53586
2020-09-21,28.69198
2020-09-22,28.69198
2020-09-23,28.69198
2020-09-24,28.27004
2020-09-25,27.84810
2020-09-28,28.27004
2020-09-29,27.84810
2020-09-30,29.11392
2020-10-01,28.69198
2020-10-02,29.53586
2020-10-05,32.91139
2020-10-06,32.06751
2020-10-07,34.17722
2020-10-08,32.91139
2020-10-09,33.33333
2020-10-12,.
2020-10-13,31.22363
2020-10-14,30.80169
2020-10-15,31.22363
2020-10-16,32.06751
2020-10-19,32.91139
2020-10-20,34.17722
2020-10-21,35.02110
2020-10-22,36.70886
2020-10-23,35.86498
2020-10-26,34.17722
2020-10-27,33.33333
2020-10-28,33.33333
2020-10-29,35.86498
2020-10-30,37.13080
2020-11-02,36.70886
2020-11-03,37.97468
2020-11-04,32.91139
2020-11-05,33.33333
2020-11-06,35.02110
2020-11-09,40.50633
2020-11-10,41.35021
2020-11-11,.
