DATE,DEXUSEU_NBD20171101
2009-01-02,120.03787
2009-01-05,116.85316
2009-01-06,115.72560
2009-01-07,118.07540
2009-01-08,118.04097
2009-01-09,116.15596
2009-01-12,114.88208
2009-01-13,113.59959
2009-01-14,113.39301
2009-01-15,112.70442
2009-01-16,113.99552
2009-01-19,.
2009-01-20,111.43054
2009-01-21,110.77638
2009-01-22,111.50800
2009-01-23,110.59563
2009-01-26,112.95404
2009-01-27,113.26390
2009-01-28,113.99552
2009-01-29,111.79205
2009-01-30,110.20830
2009-02-02,110.24273
2009-02-03,111.98141
2009-02-04,110.66449
2009-02-05,110.50095
2009-02-06,110.81081
2009-02-09,112.44620
2009-02-10,111.60269
2009-02-11,110.97435
2009-02-12,110.36323
2009-02-13,110.85385
2009-02-16,.
2009-02-17,108.20279
2009-02-18,107.99621
2009-02-19,109.09795
2009-02-20,109.22706
2009-02-23,109.71768
2009-02-24,109.67464
2009-02-25,109.57996
2009-02-26,109.86400
2009-02-27,108.98606
2009-03-02,108.28025
2009-03-03,108.01343
2009-03-04,108.51265
2009-03-05,108.15114
2009-03-06,109.08934
2009-03-09,108.76227
2009-03-10,109.76072
2009-03-11,109.95008
2009-03-12,110.16526
2009-03-13,110.95714
2009-03-16,111.86951
2009-03-17,111.65433
2009-03-18,112.84214
2009-03-19,118.17869
2009-03-20,116.76709
2009-03-23,116.79291
2009-03-24,116.40558
2009-03-25,116.53469
2009-03-26,116.71544
2009-03-27,114.52918
2009-03-30,113.15201
2009-03-31,114.14185
2009-04-01,113.81477
2009-04-02,115.83749
2009-04-03,115.74281
2009-04-06,115.01980
2009-04-07,114.32260
2009-04-08,114.37425
2009-04-09,113.17783
2009-04-10,113.12618
2009-04-13,114.94233
2009-04-14,114.27957
2009-04-15,113.46187
2009-04-16,113.59098
2009-04-17,112.15355
2009-04-20,111.06042
2009-04-21,111.70597
2009-04-22,111.99862
2009-04-23,112.30849
2009-04-24,114.27957
2009-04-27,113.06593
2009-04-28,112.42038
2009-04-29,114.68411
2009-04-30,113.99552
2009-05-01,114.19349
2009-05-04,115.03701
2009-05-05,115.12308
2009-05-06,114.58943
2009-05-07,115.43295
2009-05-08,116.14736
2009-05-11,117.23188
2009-05-12,117.38681
2009-05-13,117.16302
2009-05-14,117.12859
2009-05-15,116.53469
2009-05-18,116.22482
2009-05-19,117.12859
2009-05-20,118.47994
2009-05-21,118.81563
2009-05-22,120.54570
2009-05-25,.
2009-05-26,120.43381
2009-05-27,119.84851
2009-05-28,120.05509
2009-05-29,121.58719
2009-06-01,122.15528
2009-06-02,122.82665
2009-06-03,122.17249
2009-06-04,122.11224
2009-06-05,120.41659
2009-06-08,119.50422
2009-06-09,120.62317
2009-06-10,120.35634
2009-06-11,121.30315
2009-06-12,120.84696
2009-06-15,118.64348
2009-06-16,119.45257
2009-06-17,119.21157
2009-06-18,120.31331
2009-06-19,120.48545
2009-06-22,119.17714
2009-06-23,120.80392
2009-06-24,120.63178
2009-06-25,120.09812
2009-06-26,120.98468
2009-06-29,121.00189
2009-06-30,120.67481
2009-07-01,122.10363
2009-07-02,120.65760
2009-07-03,120.42520
2009-07-06,119.96901
2009-07-07,120.20141
2009-07-08,119.22878
2009-07-09,120.72646
2009-07-10,119.86573
2009-07-13,120.27027
2009-07-14,120.25306
2009-07-15,121.50112
2009-07-16,121.49251
2009-07-17,121.53555
2009-07-20,122.31882
2009-07-21,122.18971
2009-07-22,122.39628
2009-07-23,122.79222
2009-07-24,122.33603
2009-07-27,122.32742
2009-07-28,122.35324
2009-07-29,120.78671
2009-07-30,121.07075
2009-07-31,122.90411
2009-08-03,124.08332
2009-08-04,123.94560
2009-08-05,123.86814
2009-08-06,123.57549
2009-08-07,122.05199
2009-08-10,121.73352
2009-08-11,121.71630
2009-08-12,122.35324
2009-08-13,122.93854
2009-08-14,122.36185
2009-08-17,121.26011
2009-08-18,121.14822
2009-08-19,122.75779
2009-08-20,122.52539
2009-08-21,123.12790
2009-08-24,123.25701
2009-08-25,123.51523
2009-08-26,122.48235
2009-08-27,122.84386
2009-08-28,123.58409
2009-08-31,123.54966
2009-09-01,122.52539
2009-09-02,122.62007
2009-09-03,122.89551
2009-09-04,122.89551
2009-09-07,.
2009-09-08,124.78051
2009-09-09,125.43467
2009-09-10,125.39163
2009-09-11,125.54657
2009-09-14,125.77896
2009-09-15,125.81339
2009-09-16,126.51059
2009-09-17,126.82906
2009-09-18,126.56223
2009-09-21,126.45894
2009-09-22,127.34550
2009-09-23,126.97538
2009-09-24,126.49337
2009-09-25,126.37287
2009-09-28,126.09744
2009-09-29,125.26252
2009-09-30,125.92529
2009-10-01,125.08177
2009-10-02,125.58100
2009-10-05,126.07161
2009-10-06,126.90652
2009-10-07,126.31262
2009-10-08,127.19057
2009-10-09,126.65691
2009-10-12,.
2009-10-13,127.72422
2009-10-14,128.24066
2009-10-15,128.63660
2009-10-16,128.15459
2009-10-19,128.65381
2009-10-20,128.29231
2009-10-21,129.18747
2009-10-22,129.13582
2009-10-23,129.35961
2009-10-26,128.60217
2009-10-27,127.56929
2009-10-28,127.07006
2009-10-29,127.55207
2009-10-30,127.00121
2009-11-02,127.62954
2009-11-03,126.16629
2009-11-04,127.69840
2009-11-05,127.87915
2009-11-06,127.68979
2009-11-09,129.10139
2009-11-10,128.76571
2009-11-11,.
2009-11-12,127.94801
2009-11-13,128.12877
2009-11-16,128.91203
2009-11-17,127.64676
2009-11-18,129.02393
2009-11-19,128.29231
2009-11-20,127.99105
2009-11-23,128.83457
2009-11-24,128.56774
2009-11-25,129.84163
2009-11-26,.
2009-11-27,128.79153
2009-11-30,129.05836
2009-12-01,129.97074
2009-12-02,129.61783
2009-12-03,129.80720
2009-12-04,128.12016
2009-12-07,127.56068
2009-12-08,126.88070
2009-12-09,126.74299
2009-12-10,126.66552
2009-12-11,125.67568
2009-12-14,126.05440
2009-12-15,124.92684
2009-12-16,125.46910
2009-12-17,123.23119
2009-12-18,122.92133
2009-12-21,123.24841
2009-12-22,122.59425
2009-12-23,123.43777
2009-12-24,123.66156
2009-12-25,.
2009-12-28,123.87674
2009-12-29,123.56688
2009-12-30,123.22259
2009-12-31,123.36030
2010-01-01,.
2010-01-04,124.10914
2010-01-05,123.96282
2010-01-06,123.98003
2010-01-07,123.20537
2010-01-08,123.57549
2010-01-11,125.11620
2010-01-12,125.00430
2010-01-13,124.73748
2010-01-14,124.61697
2010-01-15,123.73903
2010-01-18,.
2010-01-19,122.81804
2010-01-20,121.31176
2010-01-21,121.41505
2010-01-22,121.82820
2010-01-25,121.75934
2010-01-26,121.04493
2010-01-27,120.95886
2010-01-28,120.44242
2010-01-29,119.38371
2010-02-01,119.67636
2010-02-02,120.11534
2010-02-03,119.70219
2010-02-04,118.42830
2010-02-05,117.12859
2010-02-08,117.91186
2010-02-09,118.73816
2010-02-10,118.10983
2010-02-11,117.40403
2010-02-12,117.27492
2010-02-15,.
2010-02-16,118.28198
2010-02-17,117.25770
2010-02-18,116.74126
2010-02-19,116.52608
2010-02-22,116.97366
2010-02-23,116.51747
2010-02-24,116.85316
2010-02-25,115.99243
2010-02-26,117.57617
2010-03-01,116.33672
2010-03-02,116.74987
2010-03-03,118.18730
2010-03-04,116.81012
2010-03-05,117.12859
2010-03-08,117.17163
2010-03-09,116.93923
2010-03-10,117.55896
2010-03-11,117.69668
2010-03-12,118.37666
2010-03-15,117.50732
2010-03-16,118.41969
2010-03-17,118.25615
2010-03-18,117.08556
2010-03-19,116.45722
2010-03-22,116.46583
2010-03-23,116.50026
2010-03-24,114.88208
2010-03-25,114.85626
2010-03-26,115.32105
2010-03-29,115.89774
2010-03-30,115.41573
2010-03-31,116.42279
2010-04-01,116.79291
2010-04-02,116.08711
2010-04-05,116.07850
2010-04-06,115.14891
2010-04-07,115.02840
2010-04-08,114.99397
2010-04-09,115.92357
2010-04-12,116.94784
2010-04-13,116.99088
2010-04-14,117.62782
2010-04-15,116.54329
2010-04-16,116.08711
2010-04-19,115.83749
2010-04-20,115.73421
2010-04-21,115.19194
2010-04-22,114.46032
2010-04-23,114.99397
2010-04-26,114.78740
2010-04-27,113.87502
2010-04-28,113.01429
2010-04-29,113.98692
2010-04-30,114.49475
2010-05-03,113.47048
2010-05-04,112.21381
2010-05-05,110.94853
2010-05-06,109.21845
2010-05-07,109.49389
2010-05-10,110.69892
2010-05-11,109.44224
2010-05-12,108.81391
2010-05-13,108.17697
2010-05-14,106.64486
2010-05-17,105.86159
2010-05-18,106.36943
2010-05-19,106.01653
2010-05-20,106.47271
2010-05-21,108.23722
2010-05-24,106.78258
2010-05-25,105.68945
2010-05-26,105.21604
2010-05-27,106.47271
2010-05-28,106.46411
2010-05-31,.
2010-06-01,105.57755
2010-06-02,105.06111
2010-06-03,104.94922
2010-06-04,103.27079
2010-06-07,102.93510
2010-06-08,103.24496
2010-06-09,103.67533
2010-06-10,104.24342
2010-06-11,103.95077
2010-06-14,105.67223
2010-06-15,106.10260
2010-06-16,106.06817
2010-06-17,106.42968
2010-06-18,106.38664
2010-06-21,106.60182
2010-06-22,105.89602
2010-06-23,105.95627
2010-06-24,105.76691
2010-06-25,106.14564
2010-06-28,106.00792
2010-06-29,104.89757
2010-06-30,105.79274
2010-07-01,107.28180
2010-07-02,108.25443
2010-07-05,.
2010-07-06,108.84834
2010-07-07,108.40076
2010-07-08,109.16681
2010-07-09,108.78809
2010-07-12,108.22000
2010-07-13,109.47667
2010-07-14,109.78654
2010-07-15,110.97435
2010-07-16,111.19814
2010-07-19,111.57686
2010-07-20,111.07764
2010-07-21,110.32880
2010-07-22,111.06042
2010-07-23,110.81081
2010-07-26,111.74901
2010-07-27,111.74901
2010-07-28,111.87812
2010-07-29,112.44620
2010-07-30,112.48924
2010-08-02,113.39301
2010-08-03,113.95249
2010-08-04,113.25529
2010-08-05,113.24669
2010-08-06,114.32260
2010-08-09,113.96970
2010-08-10,112.71303
2010-08-11,111.02599
2010-08-12,110.74195
2010-08-13,109.88983
2010-08-16,110.50095
2010-08-17,110.94853
2010-08-18,110.79360
2010-08-19,110.49234
2010-08-20,109.20124
2010-08-23,108.99466
2010-08-24,109.09795
2010-08-25,108.89998
2010-08-26,109.45946
2010-08-27,109.87261
2010-08-30,109.19263
2010-08-31,109.34756
2010-09-01,110.28576
2010-09-02,110.38044
2010-09-03,110.90549
2010-09-06,.
2010-09-07,109.51110
2010-09-08,109.54553
2010-09-09,109.38199
2010-09-10,109.57996
2010-09-13,110.94853
2010-09-14,112.01584
2010-09-15,111.96419
2010-09-16,112.57531
2010-09-17,112.29127
2010-09-20,112.53228
2010-09-21,113.06593
2010-09-22,115.20916
2010-09-23,114.85626
2010-09-24,115.99243
2010-09-27,115.98382
2010-09-28,116.91341
2010-09-29,117.38681
2010-09-30,117.06834
2010-10-01,118.38526
2010-10-04,117.81718
2010-10-05,119.07385
2010-10-06,119.84851
2010-10-07,119.82269
2010-10-08,119.83990
2010-10-11,.
2010-10-12,119.17714
2010-10-13,120.19280
2010-10-14,121.07075
2010-10-15,120.48545
2010-10-18,120.31331
2010-10-19,119.01360
2010-10-20,120.06369
2010-10-21,120.27027
2010-10-22,119.67636
2010-10-25,120.38217
2010-10-26,119.40954
2010-10-27,118.67791
2010-10-28,119.89155
2010-10-29,119.59029
2010-11-01,119.53865
2010-11-02,120.72646
2010-11-03,120.62317
2010-11-04,122.43071
2010-11-05,120.78671
2010-11-08,119.87433
2010-11-09,119.34068
2010-11-10,118.16147
2010-11-11,.
2010-11-12,117.92047
2010-11-15,117.18884
2010-11-16,116.34533
2010-11-17,116.67240
2010-11-18,117.21467
2010-11-19,117.52453
2010-11-22,117.16302
2010-11-23,115.23498
2010-11-24,114.90790
2010-11-25,.
2010-11-26,113.98692
2010-11-29,112.68721
2010-11-30,112.20520
2010-12-01,113.17783
2010-12-02,113.85781
2010-12-03,115.05423
2010-12-06,114.26235
2010-12-07,114.67550
2010-12-08,113.97831
2010-12-09,113.66845
2010-12-10,113.97831
2010-12-13,115.24359
2010-12-14,115.29523
2010-12-15,114.52918
2010-12-16,113.66845
2010-12-17,113.22947
2010-12-20,112.96264
2010-12-21,113.02290
2010-12-22,112.66139
2010-12-23,112.76468
2010-12-24,.
2010-12-27,113.15201
2010-12-28,112.94543
2010-12-29,113.47048
2010-12-30,114.21071
2010-12-31,.
2011-01-03,115.08866
2011-01-04,114.52918
2011-01-05,113.36719
2011-01-06,112.12773
2011-01-07,111.41332
2011-01-10,111.42193
2011-01-11,111.70597
2011-01-12,112.46342
2011-01-13,115.02840
2011-01-14,114.71854
2011-01-17,.
2011-01-18,115.32966
2011-01-19,116.15596
2011-01-20,115.70838
2011-01-21,116.89620
2011-01-24,117.51592
2011-01-25,117.43846
2011-01-26,117.81718
2011-01-27,117.81718
2011-01-28,117.11999
2011-01-31,118.04958
2011-02-01,118.72095
2011-02-02,118.60045
2011-02-03,117.52453
2011-02-04,116.92202
2011-02-07,116.68962
2011-02-08,117.80857
2011-02-09,117.81718
2011-02-10,117.37821
2011-02-11,116.37115
2011-02-14,115.97521
2011-02-15,116.14736
2011-02-16,116.60355
2011-02-17,117.16302
2011-02-18,117.68807
2011-02-21,.
2011-02-22,117.58478
2011-02-23,118.41969
2011-02-24,118.72956
2011-02-25,118.41109
2011-02-28,118.72095
2011-03-01,118.89310
2011-03-02,119.37511
2011-03-03,120.04648
2011-03-04,120.35634
2011-03-07,120.29609
2011-03-08,119.74522
2011-03-09,119.69358
2011-03-10,118.97917
2011-03-11,119.33207
2011-03-14,120.28748
2011-03-15,120.22723
2011-03-16,119.83130
2011-03-17,120.68342
2011-03-18,121.71630
2011-03-21,122.08642
2011-03-22,122.32742
2011-03-23,121.56998
2011-03-24,122.22413
2011-03-25,121.74212
2011-03-28,121.39783
2011-03-29,121.27733
2011-03-30,121.32036
2011-03-31,122.07781
2011-04-01,122.35324
2011-04-04,122.40489
2011-04-05,122.48235
2011-04-06,123.36891
2011-04-07,122.97297
2011-04-08,124.26407
2011-04-11,124.41040
2011-04-12,124.41900
2011-04-13,124.60837
2011-04-14,124.49647
2011-04-15,124.31572
2011-04-18,122.31882
2011-04-19,123.24841
2011-04-20,124.91823
2011-04-21,125.53796
2011-04-22,125.19367
2011-04-25,125.46049
2011-04-26,125.88225
2011-04-27,126.17490
2011-04-28,127.25943
2011-04-29,127.56929
2011-05-02,127.99105
2011-05-03,128.03409
2011-05-04,127.89637
2011-05-05,125.52074
2011-05-06,124.76330
2011-05-09,123.09348
2011-05-10,123.58409
2011-05-11,122.81804
2011-05-12,122.47375
2011-05-13,121.71630
2011-05-16,122.38767
2011-05-17,121.83680
2011-05-18,122.82665
2011-05-19,122.68893
2011-05-20,121.98313
2011-05-23,120.63178
2011-05-24,121.42365
2011-05-25,121.38062
2011-05-26,121.26011
2011-05-27,122.97297
2011-05-30,.
2011-05-31,123.73903
2011-06-01,124.21243
2011-06-02,124.16939
2011-06-03,125.70150
2011-06-06,125.83922
2011-06-07,126.31262
2011-06-08,125.55517
2011-06-09,125.09898
2011-06-10,123.64434
2011-06-13,123.67017
2011-06-14,124.57394
2011-06-15,122.40489
2011-06-16,121.83680
2011-06-17,123.30866
2011-06-20,123.25701
2011-06-21,123.93699
2011-06-22,123.97142
2011-06-23,121.93149
2011-06-24,122.12945
2011-06-27,122.92994
2011-06-28,123.67017
2011-06-29,124.18661
2011-06-30,125.00430
2011-07-01,124.87519
2011-07-04,.
2011-07-05,124.54811
2011-07-06,123.33448
2011-07-07,123.50663
2011-07-08,122.66311
2011-07-11,120.79532
2011-07-12,120.62317
2011-07-13,121.94009
2011-07-14,122.06920
2011-07-15,121.84541
2011-07-18,120.86418
2011-07-19,121.84541
2011-07-20,122.12085
2011-07-21,123.70460
2011-07-22,123.65295
2011-07-25,123.57549
2011-07-26,124.76330
2011-07-27,123.71320
2011-07-28,123.11069
2011-07-29,123.84231
2011-08-01,122.24135
2011-08-02,122.49957
2011-08-03,123.25701
2011-08-04,121.86263
2011-08-05,121.86263
2011-08-08,122.57704
2011-08-09,122.58564
2011-08-10,122.16388
2011-08-11,122.48235
2011-08-12,122.55982
2011-08-15,124.39318
2011-08-16,124.12636
2011-08-17,124.25547
2011-08-18,123.25701
2011-08-19,124.01446
2011-08-22,123.80788
2011-08-23,124.21243
2011-08-24,123.96282
2011-08-25,123.77345
2011-08-26,124.48786
2011-08-29,124.89241
2011-08-30,124.24686
2011-08-31,123.99725
2011-09-01,122.93854
2011-09-02,122.24996
2011-09-05,.
2011-09-06,120.49406
2011-09-07,121.00189
2011-09-08,120.04648
2011-09-09,117.62782
2011-09-12,117.36099
2011-09-13,117.74832
2011-09-14,118.00654
2011-09-15,119.28043
2011-09-16,118.63488
2011-09-19,117.36960
2011-09-20,117.89465
2011-09-21,118.12704
2011-09-22,115.73421
2011-09-23,116.35393
2011-09-26,116.33672
2011-09-27,117.11138
2011-09-28,117.30074
2011-09-29,117.39542
2011-09-30,115.76003
2011-10-03,114.31400
2011-10-04,114.42589
2011-10-05,114.71854
2011-10-06,115.40713
2011-10-07,116.30229
2011-10-10,.
2011-10-11,117.55035
2011-10-12,118.82424
2011-10-13,118.17869
2011-10-14,119.30625
2011-10-17,118.52298
2011-10-18,118.08401
2011-10-19,118.56602
2011-10-20,117.67946
2011-10-21,119.40954
2011-10-24,119.91737
2011-10-25,119.73662
2011-10-26,119.10828
2011-10-27,121.98313
2011-10-28,121.91427
2011-10-31,120.04648
2011-11-01,117.71389
2011-11-02,118.80702
2011-11-03,118.29919
2011-11-04,118.44552
2011-11-07,118.29919
2011-11-08,118.65209
2011-11-09,117.02531
2011-11-10,117.05973
2011-11-11,.
2011-11-14,117.27492
2011-11-15,116.40558
2011-11-16,116.24204
2011-11-17,116.38836
2011-11-18,116.37976
2011-11-21,116.41418
2011-11-22,116.19900
2011-11-23,114.88208
2011-11-24,.
2011-11-25,113.99552
2011-11-28,114.77018
2011-11-29,114.84765
2011-11-30,115.79446
2011-12-01,116.08711
2011-12-02,115.21777
2011-12-05,115.88053
2011-12-06,115.31245
2011-12-07,115.21777
2011-12-08,114.68411
2011-12-09,115.06283
2011-12-12,113.51351
2011-12-13,112.70442
2011-12-14,111.65433
2011-12-15,112.00723
2011-12-16,112.11052
2011-12-19,112.04166
2011-12-20,112.54949
2011-12-21,112.23963
2011-12-22,112.28266
2011-12-23,112.23963
2011-12-26,.
2011-12-27,112.53228
2011-12-28,111.25839
2011-12-29,111.48218
2011-12-30,111.66294
2012-01-02,.
2012-01-03,112.42038
2012-01-04,111.29282
2012-01-05,110.02754
2012-01-06,109.51110
2012-01-09,109.70046
2012-01-10,110.01894
2012-01-11,109.19263
2012-01-12,110.32880
2012-01-13,109.15820
2012-01-16,.
2012-01-17,109.65743
2012-01-18,110.38905
2012-01-19,111.35307
2012-01-20,111.44775
2012-01-23,112.19659
2012-01-24,111.92976
2012-01-25,111.70597
2012-01-26,113.20365
2012-01-27,113.54794
2012-01-30,112.95404
2012-01-31,112.35152
2012-02-01,113.43605
2012-02-02,113.33276
2012-02-03,112.80771
2012-02-06,113.01429
2012-02-07,113.99552
2012-02-08,114.07299
2012-02-09,114.45171
2012-02-10,113.50491
2012-02-13,113.71148
2012-02-14,113.17783
2012-02-15,112.64417
2012-02-16,112.84214
2012-02-17,113.17783
2012-02-20,.
2012-02-21,114.09020
2012-02-22,114.05578
2012-02-23,114.54639
2012-02-24,115.88053
2012-02-27,115.42434
2012-02-28,115.78585
2012-02-29,114.98537
2012-03-01,114.64968
2012-03-02,113.63402
2012-03-05,113.84059
2012-03-06,112.87657
2012-03-07,113.17783
2012-03-08,114.09881
2012-03-09,112.82493
2012-03-12,113.10897
2012-03-13,112.83353
2012-03-14,112.11052
2012-03-15,112.49785
2012-03-16,113.36719
2012-03-19,113.97831
2012-03-20,113.80616
2012-03-21,113.53073
2012-03-22,113.56516
2012-03-23,114.15906
2012-03-26,114.71854
2012-03-27,114.78740
2012-03-28,114.47753
2012-03-29,114.17628
2012-03-30,114.77018
2012-04-02,114.69272
2012-04-03,114.79601
2012-04-04,112.97986
2012-04-05,112.44620
2012-04-06,112.66139
2012-04-09,112.64417
2012-04-10,112.48063
2012-04-11,112.79050
2012-04-12,113.36719
2012-04-13,112.60114
2012-04-16,112.47203
2012-04-17,112.95404
2012-04-18,112.94543
2012-04-19,113.03150
2012-04-20,113.72009
2012-04-23,113.00568
2012-04-24,113.67705
2012-04-25,113.70287
2012-04-26,113.89224
2012-04-27,114.02995
2012-04-30,113.86641
2012-05-01,113.84059
2012-05-02,113.22086
2012-05-03,113.16061
2012-05-04,112.67860
2012-05-07,112.34292
2012-05-08,112.02444
2012-05-09,111.49940
2012-05-10,111.54243
2012-05-11,111.35307
2012-05-14,110.57841
2012-05-15,109.90704
2012-05-16,109.57135
2012-05-17,109.39060
2012-05-18,109.49389
2012-05-21,109.90704
2012-05-22,109.61439
2012-05-23,108.18557
2012-05-24,108.30608
2012-05-25,107.74660
2012-05-28,.
2012-05-29,107.48838
2012-05-30,106.77397
2012-05-31,106.42107
2012-06-01,106.90308
2012-06-04,107.54863
2012-06-05,107.04941
2012-06-06,107.89292
2012-06-07,108.17697
2012-06-08,107.43674
2012-06-11,107.62610
2012-06-12,107.39370
2012-06-13,108.41797
2012-06-14,108.52126
2012-06-15,108.73644
2012-06-18,108.26304
2012-06-19,109.24428
2012-06-20,109.33896
2012-06-21,108.33190
2012-06-22,107.97900
2012-06-25,107.41952
2012-06-26,107.34206
2012-06-27,107.22155
2012-06-28,107.01498
2012-06-29,109.03770
2012-07-02,108.31468
2012-07-03,108.62455
2012-07-04,.
2012-07-05,106.59322
2012-07-06,105.72388
2012-07-09,105.86159
2012-07-10,105.48287
2012-07-11,105.38819
2012-07-12,105.00086
2012-07-13,105.28490
2012-07-16,105.58616
2012-07-17,105.30212
2012-07-18,105.53452
2012-07-19,105.50009
2012-07-20,104.80289
2012-07-23,104.37253
2012-07-24,103.82166
2012-07-25,104.42417
2012-07-26,105.69805
2012-07-27,106.47271
2012-07-30,105.43983
2012-07-31,105.99931
2012-08-01,105.86159
2012-08-02,104.57049
2012-08-03,106.64486
2012-08-06,106.92030
2012-08-07,106.92030
2012-08-08,106.42107
2012-08-09,105.68084
2012-08-10,105.85299
2012-08-13,106.20589
2012-08-14,106.11981
2012-08-15,105.76691
2012-08-16,106.35221
2012-08-17,105.99931
2012-08-20,106.24032
2012-08-21,107.35066
2012-08-22,107.35066
2012-08-23,108.30608
2012-08-24,107.87571
2012-08-27,107.71217
2012-08-28,108.14254
2012-08-29,107.91875
2012-08-30,107.56585
2012-08-31,108.26304
2012-09-03,.
2012-09-04,108.15975
2012-09-05,108.47822
2012-09-06,108.67619
2012-09-07,110.13944
2012-09-10,110.13083
2012-09-11,110.67309
2012-09-12,110.98296
2012-09-13,111.13789
2012-09-14,113.11758
2012-09-17,112.97125
2012-09-18,112.33431
2012-09-19,112.45481
2012-09-20,111.44775
2012-09-21,111.80926
2012-09-24,111.11207
2012-09-25,111.42193
2012-09-26,110.62145
2012-09-27,110.81081
2012-09-28,110.65588
2012-10-01,111.03460
2012-10-02,111.47358
2012-10-03,111.11207
2012-10-04,111.90394
2012-10-05,112.40317
2012-10-08,.
2012-10-09,110.82803
2012-10-10,110.93131
2012-10-11,111.27561
2012-10-12,111.43054
2012-10-15,111.46497
2012-10-16,112.20520
2012-10-17,113.04011
2012-10-18,112.80771
2012-10-19,112.08470
2012-10-22,112.43760
2012-10-23,111.64572
2012-10-24,111.43054
2012-10-25,111.53383
2012-10-26,111.36168
2012-10-29,111.08625
2012-10-30,111.71458
2012-10-31,111.53383
2012-11-01,111.35307
2012-11-02,110.58702
2012-11-05,110.08779
2012-11-06,110.32880
2012-11-07,109.82097
2012-11-08,109.65743
2012-11-09,109.44224
2012-11-12,.
2012-11-13,109.45085
2012-11-14,109.65743
2012-11-15,110.02754
2012-11-16,109.44224
2012-11-19,110.22551
2012-11-20,110.29437
2012-11-21,110.31159
2012-11-22,.
2012-11-23,111.54243
2012-11-26,111.60269
2012-11-27,111.37889
2012-11-28,111.23257
2012-11-29,111.49079
2012-11-30,111.98141
2012-12-03,112.46342
2012-12-04,112.59253
2012-12-05,112.55810
2012-12-06,111.61990
2012-12-07,111.39611
2012-12-10,111.29282
2012-12-11,111.82648
2012-12-12,112.22241
2012-12-13,112.55810
2012-12-14,113.04872
2012-12-17,113.34997
2012-12-18,113.82338
2012-12-19,114.13324
2012-12-20,113.82338
2012-12-21,113.32415
2012-12-24,113.43605
2012-12-25,.
2012-12-26,113.85781
2012-12-27,113.85781
2012-12-28,113.78895
2012-12-31,113.49630
2013-01-01,.
2013-01-02,113.57376
2013-01-03,112.84214
2013-01-04,112.29988
2013-01-07,112.74746
2013-01-08,112.48063
2013-01-09,112.56671
2013-01-10,113.78895
2013-01-11,114.93372
2013-01-14,115.07144
2013-01-15,114.83904
2013-01-16,114.52057
2013-01-17,114.95955
2013-01-18,114.50336
2013-01-21,.
2013-01-22,114.51196
2013-01-23,114.54639
2013-01-24,115.14891
2013-01-25,115.82028
2013-01-28,115.84610
2013-01-29,116.06128
2013-01-30,116.74987
2013-01-31,116.92202
2013-02-01,117.85161
2013-02-04,116.43140
2013-02-05,116.79291
2013-02-06,116.44001
2013-02-07,115.18334
2013-02-08,115.04562
2013-02-11,115.45877
2013-02-12,115.76863
2013-02-13,115.75142
2013-02-14,114.77018
2013-02-15,115.01119
2013-02-18,.
2013-02-19,115.22637
2013-02-20,114.90790
2013-02-21,113.65123
2013-02-22,113.32415
2013-02-25,113.37580
2013-02-26,112.36013
2013-02-27,112.79050
2013-02-28,112.57531
2013-03-01,111.79205
2013-03-04,111.86091
2013-03-05,112.05887
2013-03-06,111.80926
2013-03-07,112.73885
2013-03-08,111.82648
2013-03-11,112.01584
2013-03-12,112.09330
2013-03-13,111.45636
2013-03-14,111.67154
2013-03-15,112.54949
2013-03-18,111.51661
2013-03-19,110.93131
2013-03-20,111.46497
2013-03-21,111.27561
2013-03-22,111.86091
2013-03-25,110.87106
2013-03-26,110.67309
2013-03-27,110.01894
2013-03-28,110.53538
2013-03-29,110.31159
2013-04-01,110.66449
2013-04-02,110.48373
2013-04-03,110.57841
2013-04-04,110.63866
2013-04-05,112.12773
2013-04-08,111.96419
2013-04-09,112.68721
2013-04-10,112.41177
2013-04-11,112.96264
2013-04-12,112.70442
2013-04-15,112.60114
2013-04-16,113.10897
2013-04-17,112.31709
2013-04-18,112.51506
2013-04-19,112.46342
2013-04-22,112.32570
2013-04-23,111.99862
2013-04-24,111.86951
2013-04-25,111.92976
2013-04-26,112.10191
2013-04-29,112.66999
2013-04-30,113.34137
2013-05-01,113.54794
2013-05-02,112.46342
2013-05-03,112.85936
2013-05-06,112.47203
2013-05-07,112.62696
2013-05-08,113.41883
2013-05-09,112.79910
2013-05-10,111.50800
2013-05-13,111.73180
2013-05-14,111.62851
2013-05-15,110.66449
2013-05-16,111.01739
2013-05-17,110.32880
2013-05-20,110.73334
2013-05-21,111.12067
2013-05-22,110.72474
2013-05-23,111.41332
2013-05-24,111.20675
2013-05-27,.
2013-05-28,110.77638
2013-05-29,111.41332
2013-05-30,112.25684
2013-05-31,111.79205
2013-06-03,112.73885
2013-06-04,112.54088
2013-06-05,112.65278
2013-06-06,114.02995
2013-06-07,113.97831
2013-06-10,113.90945
2013-06-11,114.28817
2013-06-12,114.94233
2013-06-13,114.59804
2013-06-14,114.73575
2013-06-17,114.83044
2013-06-18,115.39852
2013-06-19,115.37270
2013-06-20,113.73730
2013-06-21,112.86796
2013-06-24,112.67860
2013-06-25,112.58392
2013-06-26,111.94698
2013-06-27,112.03305
2013-06-28,111.98141
2013-07-01,112.41177
2013-07-02,112.04166
2013-07-03,111.93837
2013-07-04,.
2013-07-05,110.44070
2013-07-08,110.71613
2013-07-09,109.95008
2013-07-10,110.56981
2013-07-11,112.29127
2013-07-12,112.30849
2013-07-15,112.23102
2013-07-16,113.13479
2013-07-17,112.70442
2013-07-18,112.56671
2013-07-19,113.11758
2013-07-22,113.55655
2013-07-23,113.72009
2013-07-24,113.85781
2013-07-25,113.90945
2013-07-26,114.21071
2013-07-29,114.15046
2013-07-30,114.18489
2013-07-31,114.32260
2013-08-01,113.76313
2013-08-02,114.20210
2013-08-05,114.10742
2013-08-06,114.44311
2013-08-07,114.72715
2013-08-08,115.26941
2013-08-09,114.80461
2013-08-12,114.58082
2013-08-13,114.02135
2013-08-14,114.09881
2013-08-15,114.15906
2013-08-16,114.65829
2013-08-19,114.89069
2013-08-20,115.56206
2013-08-21,115.06283
2013-08-22,115.01119
2013-08-23,115.26941
2013-08-26,115.07144
2013-08-27,115.22637
2013-08-28,114.70133
2013-08-29,113.85781
2013-08-30,113.58237
2013-09-02,.
2013-09-03,113.30694
2013-09-04,113.72009
2013-09-05,112.92821
2013-09-06,113.32415
2013-09-09,114.13324
2013-09-10,114.13324
2013-09-11,114.48614
2013-09-12,114.60664
2013-09-13,114.27096
2013-09-16,114.90790
2013-09-17,114.96815
2013-09-18,114.91651
2013-09-19,116.43140
2013-09-20,116.38836
2013-09-23,116.37115
2013-09-24,116.11293
2013-09-25,116.50887
2013-09-26,116.06128
2013-09-27,116.51747
2013-09-30,116.50026
2013-10-01,116.49165
2013-10-02,116.99088
2013-10-03,117.42124
2013-10-04,116.90480
2013-10-07,116.79291
2013-10-08,116.90480
2013-10-09,116.31090
2013-10-10,116.50026
2013-10-11,116.70683
2013-10-14,.
2013-10-15,116.14736
2013-10-16,116.11293
2013-10-17,117.61060
2013-10-18,117.86022
2013-10-21,117.67946
2013-10-22,118.59184
2013-10-23,118.66070
2013-10-24,118.86727
2013-10-25,118.72956
2013-10-28,118.66070
2013-10-29,118.52298
2013-10-30,118.53159
2013-10-31,117.00809
2013-11-01,116.09571
2013-11-04,116.33672
2013-11-05,115.94078
2013-11-06,116.45722
2013-11-07,115.25219
2013-11-08,114.96815
2013-11-11,.
2013-11-12,115.57927
2013-11-13,115.82028
2013-11-14,115.92357
2013-11-15,116.02685
2013-11-18,116.37115
2013-11-19,116.44861
2013-11-20,115.77724
2013-11-21,115.94078
2013-11-22,116.60355
2013-11-25,116.21622
2013-11-26,116.67240
2013-11-27,116.74126
2013-11-28,.
2013-11-29,117.11138
2013-12-02,116.64658
2013-12-03,117.09416
2013-12-04,116.67240
2013-12-05,117.61060
2013-12-06,117.83439
2013-12-09,118.14426
2013-12-10,118.47994
2013-12-11,118.76399
2013-12-12,118.36805
2013-12-13,118.12704
2013-12-16,118.41109
2013-12-17,118.33362
2013-12-18,118.48855
2013-12-19,117.62782
2013-12-20,117.68807
2013-12-23,117.92908
2013-12-24,117.71389
2013-12-25,.
2013-12-26,117.83439
2013-12-27,118.48855
2013-12-30,118.91892
2013-12-31,118.60045
2014-01-01,.
2014-01-02,117.66225
2014-01-03,117.11138
2014-01-06,117.36960
2014-01-07,117.21467
2014-01-08,116.93923
2014-01-09,116.98227
2014-01-10,117.61060
2014-01-13,117.46428
2014-01-14,117.76554
2014-01-15,117.09416
2014-01-16,117.05973
2014-01-17,116.66380
2014-01-20,.
2014-01-21,116.71544
2014-01-22,116.59494
2014-01-23,117.74832
2014-01-24,117.74832
2014-01-27,117.73971
2014-01-28,117.59339
2014-01-29,117.60200
2014-01-30,116.62076
2014-01-31,116.19900
2014-02-03,116.39697
2014-02-04,116.25925
2014-02-05,116.36254
2014-02-06,117.09416
2014-02-07,117.18024
2014-02-10,117.43846
2014-02-11,117.52453
2014-02-12,116.99088
2014-02-13,117.65364
2014-02-14,117.83439
2014-02-17,.
2014-02-18,118.41969
2014-02-19,118.45412
2014-02-20,117.83439
2014-02-21,118.10983
2014-02-24,118.29919
2014-02-25,118.34223
2014-02-26,117.64503
2014-02-27,118.12704
2014-02-28,118.83285
2014-03-03,118.46273
2014-03-04,118.18730
2014-03-05,118.21312
2014-03-06,119.19435
2014-03-07,119.36650
2014-03-10,119.46979
2014-03-11,119.35789
2014-03-12,119.67636
2014-03-13,119.87433
2014-03-14,119.84851
2014-03-17,119.87433
2014-03-18,119.75383
2014-03-19,119.72801
2014-03-20,118.64348
2014-03-21,118.63488
2014-03-24,118.64348
2014-03-25,118.58323
2014-03-26,118.66070
2014-03-27,118.36805
2014-03-28,118.37666
2014-03-31,118.58323
2014-04-01,118.81563
2014-04-02,118.44552
2014-04-03,117.98933
2014-04-04,117.95490
2014-04-07,118.30780
2014-04-08,118.79842
2014-04-09,118.91892
2014-04-10,119.57308
2014-04-11,119.62472
2014-04-14,118.98778
2014-04-15,118.83285
2014-04-16,118.95335
2014-04-17,119.05664
2014-04-18,118.91892
2014-04-21,118.69513
2014-04-22,118.81563
2014-04-23,118.90170
2014-04-24,119.02221
2014-04-25,119.10828
2014-04-28,119.15992
2014-04-29,118.85006
2014-04-30,119.38371
2014-05-01,119.35789
2014-05-02,119.33207
2014-05-05,119.50422
2014-05-06,119.84851
2014-05-07,119.78826
2014-05-08,119.33207
2014-05-09,118.46273
2014-05-12,118.43691
2014-05-13,118.01515
2014-05-14,118.07540
2014-05-15,118.02376
2014-05-16,117.98933
2014-05-19,118.05819
2014-05-20,117.93768
2014-05-21,117.55035
2014-05-22,117.50732
2014-05-23,117.30074
2014-05-26,.
2014-05-27,117.21467
2014-05-28,117.02531
2014-05-29,117.12859
2014-05-30,117.40403
2014-06-02,117.11138
2014-06-03,117.26631
2014-06-04,117.22327
2014-06-05,117.21467
2014-06-06,117.39542
2014-06-09,116.96505
2014-06-10,116.56912
2014-06-11,116.47444
2014-06-12,116.68101
2014-06-13,116.38836
2014-06-16,116.87037
2014-06-17,116.56912
2014-06-18,116.77569
2014-06-19,117.23188
2014-06-20,116.93923
2014-06-23,116.99948
2014-06-24,116.95645
2014-06-25,117.38681
2014-06-26,117.14581
2014-06-27,117.32656
2014-06-30,117.83439
2014-07-01,117.75693
2014-07-02,117.54175
2014-07-03,117.14581
2014-07-04,.
2014-07-07,117.09416
2014-07-08,117.18024
2014-07-09,117.31795
2014-07-10,117.05973
2014-07-11,117.04252
2014-07-14,117.23188
2014-07-15,116.82734
2014-07-16,116.45722
2014-07-17,116.45722
2014-07-18,116.32811
2014-07-21,116.40558
2014-07-22,115.94078
2014-07-23,115.87192
2014-07-24,115.92357
2014-07-25,115.60510
2014-07-28,115.68256
2014-07-29,115.42434
2014-07-30,115.14891
2014-07-31,115.25219
2014-08-01,115.64813
2014-08-04,115.45877
2014-08-05,115.04562
2014-08-06,114.95094
2014-08-07,115.01119
2014-08-08,115.44156
2014-08-11,115.20916
2014-08-12,114.96815
2014-08-13,115.05423
2014-08-14,115.13169
2014-08-15,115.26941
2014-08-18,114.97676
2014-08-19,114.64968
2014-08-20,114.33982
2014-08-21,114.33982
2014-08-22,113.93527
2014-08-25,113.66845
2014-08-26,113.52212
2014-08-27,113.54794
2014-08-28,113.42744
2014-08-29,113.18643
2014-09-01,.
2014-09-02,112.96264
2014-09-03,113.06593
2014-09-04,111.25839
2014-09-05,111.51661
2014-09-08,111.44775
2014-09-09,111.11207
2014-09-10,111.10346
2014-09-11,111.34447
2014-09-12,111.50800
2014-09-15,111.47358
2014-09-16,111.68876
2014-09-17,111.53383
2014-09-18,111.14650
2014-09-19,110.47512
2014-09-22,110.42348
2014-09-23,110.67309
2014-09-24,110.07058
2014-09-25,109.72629
2014-09-26,109.19263
2014-09-29,109.33896
2014-09-30,108.69341
2014-10-01,108.60733
2014-10-02,109.05491
2014-10-03,107.73799
2014-10-06,108.38354
2014-10-07,108.67619
2014-10-08,109.16681
2014-10-09,109.16681
2014-10-10,108.76227
2014-10-13,.
2014-10-14,108.96884
2014-10-15,109.98451
2014-10-16,110.27716
2014-10-17,109.78654
2014-10-20,110.02754
2014-10-21,109.51971
2014-10-22,108.95163
2014-10-23,108.95163
2014-10-24,109.09795
2014-10-27,109.41642
2014-10-28,109.71768
2014-10-29,109.84679
2014-10-30,108.64176
2014-10-31,107.84989
2014-11-03,107.47977
2014-11-04,108.05646
2014-11-05,107.48838
2014-11-06,106.85144
2014-11-07,106.92030
2014-11-10,106.94612
2014-11-11,.
2014-11-12,107.21295
2014-11-13,107.38509
2014-11-14,107.54002
2014-11-17,107.13548
2014-11-18,107.88432
2014-11-19,108.00482
2014-11-20,107.81546
2014-11-21,106.67929
2014-11-24,106.96333
2014-11-25,107.35066
2014-11-26,107.61749
2014-11-27,.
2014-11-28,107.05801
2014-12-01,107.50559
2014-12-02,106.64486
2014-12-03,105.90463
2014-12-04,107.00637
2014-12-05,105.90463
2014-12-08,105.80134
2014-12-09,106.86004
2014-12-10,106.94612
2014-12-11,106.70511
2014-12-12,107.45395
2014-12-15,107.33345
2014-12-16,107.62610
2014-12-17,106.78258
2014-12-18,105.79274
2014-12-19,105.31072
2014-12-22,105.45705
2014-12-23,104.83732
2014-12-24,104.90618
2014-12-25,.
2014-12-26,.
2014-12-29,104.82871
2014-12-30,104.78568
2014-12-31,104.15734
2015-01-01,.
2015-01-02,103.41711
2015-01-05,102.58220
2015-01-06,102.73713
2015-01-07,101.73868
2015-01-08,101.66122
2015-01-09,101.82475
2015-01-12,101.84197
2015-01-13,101.38578
2015-01-14,101.61818
2015-01-15,99.82785
2015-01-16,99.13066
2015-01-19,.
2015-01-20,99.49217
2015-01-21,99.70735
2015-01-22,98.24410
2015-01-23,97.08211
2015-01-26,97.17679
2015-01-27,97.86538
2015-01-28,97.62438
2015-01-29,97.33173
2015-01-30,97.17679
2015-02-02,97.58134
2015-02-03,98.65726
2015-02-04,98.27853
2015-02-05,98.39904
2015-02-06,97.52109
2015-02-09,97.40059
2015-02-10,97.40059
2015-02-11,97.26287
2015-02-12,98.20967
2015-02-13,98.19246
2015-02-16,.
2015-02-17,98.08056
2015-02-18,97.62438
2015-02-19,98.05474
2015-02-20,97.88260
2015-02-23,97.65881
2015-02-24,97.32312
2015-02-25,97.80513
2015-02-26,96.50542
2015-02-27,96.37631
2015-03-02,96.31606
2015-03-03,96.50542
2015-03-04,95.28318
2015-03-05,94.73231
2015-03-06,93.43260
2015-03-09,93.35514
2015-03-10,92.15872
2015-03-11,91.03116
2015-03-12,91.36684
2015-03-13,90.58358
2015-03-16,91.02255
2015-03-17,91.28077
2015-03-18,91.60785
2015-03-19,91.41849
2015-03-20,92.89034
2015-03-23,94.06094
2015-03-24,93.88879
2015-03-25,94.56017
2015-03-26,93.98347
2015-03-27,93.74247
2015-03-30,93.11413
2015-03-31,92.45137
2015-04-01,92.68377
2015-04-02,93.59614
2015-04-03,94.59459
2015-04-06,94.74953
2015-04-07,93.38957
2015-04-08,93.11413
2015-04-09,91.84886
2015-04-10,91.22052
2015-04-13,91.08280
2015-04-14,91.85746
2015-04-15,91.20331
2015-04-16,92.45998
2015-04-17,92.78705
2015-04-20,92.64073
2015-04-21,92.59769
2015-04-22,92.34808
2015-04-23,92.98502
2015-04-24,93.61336
2015-04-27,93.75108
2015-04-28,94.49991
2015-04-29,96.17834
2015-04-30,96.07506
2015-05-01,96.35049
2015-05-04,95.92873
2015-05-05,96.17834
2015-05-06,97.65020
2015-05-07,97.11654
2015-05-08,96.75504
2015-05-11,95.90291
2015-05-12,96.74643
2015-05-13,97.88260
2015-05-14,97.84817
2015-05-15,98.36461
2015-05-18,97.72766
2015-05-19,95.98038
2015-05-20,95.36065
2015-05-21,95.76519
2015-05-22,94.96471
2015-05-25,.
2015-05-26,93.61336
2015-05-27,93.71665
2015-05-28,93.94044
2015-05-29,94.62902
2015-06-01,93.93183
2015-06-02,95.79962
2015-06-03,97.13376
2015-06-04,97.01326
2015-06-05,95.61026
2015-06-08,96.67757
2015-06-09,97.12515
2015-06-10,97.32312
2015-06-11,96.71200
2015-06-12,97.07351
2015-06-15,96.97022
2015-06-16,96.72921
2015-06-17,96.78086
2015-06-18,98.15803
2015-06-19,97.56412
2015-06-22,97.93424
2015-06-23,96.31606
2015-06-24,96.21277
2015-06-25,96.36771
2015-06-26,96.02341
2015-06-29,96.22999
2015-06-30,96.00620
2015-07-01,95.40368
2015-07-02,95.45533
2015-07-03,.
2015-07-06,95.33483
2015-07-07,94.26752
2015-07-08,95.30040
2015-07-09,94.89585
2015-07-10,95.97177
2015-07-13,94.85281
2015-07-14,94.80978
2015-07-15,94.37941
2015-07-16,93.80272
2015-07-17,93.37235
2015-07-20,93.38957
2015-07-21,94.05233
2015-07-22,93.68222
2015-07-23,94.47409
2015-07-24,94.47409
2015-07-27,95.64469
2015-07-28,95.15407
2015-07-29,94.90446
2015-07-30,93.94044
2015-07-31,94.92167
2015-08-03,94.35359
2015-08-04,94.27612
2015-08-05,93.54450
2015-08-06,94.00930
2015-08-07,94.31916
2015-08-10,94.62902
2015-08-11,95.04218
2015-08-12,96.38492
2015-08-13,95.92012
2015-08-14,95.62747
2015-08-17,95.35204
2015-08-18,94.92167
2015-08-19,95.20572
2015-08-20,96.40213
2015-08-21,97.74488
2015-08-24,99.67292
2015-08-25,98.20967
2015-08-26,98.03753
2015-08-27,96.73782
2015-08-28,96.16113
2015-08-31,96.35049
2015-09-01,96.94440
2015-09-02,96.76364
2015-09-03,95.57583
2015-09-04,95.68773
2015-09-07,.
2015-09-08,96.24720
2015-09-09,96.10088
2015-09-10,96.93579
2015-09-11,97.58995
2015-09-14,97.32312
2015-09-15,96.91857
2015-09-16,97.29730
2015-09-17,97.36616
2015-09-18,97.76209
2015-09-21,96.43656
2015-09-22,95.82544
2015-09-23,96.05784
2015-09-24,96.84972
2015-09-25,96.33328
2015-09-28,96.71200
2015-09-29,96.79807
2015-09-30,96.07506
2015-10-01,96.40213
2015-10-02,97.05629
2015-10-05,96.40213
2015-10-06,96.97022
2015-10-07,96.82389
2015-10-08,97.10794
2015-10-09,97.80513
2015-10-12,.
2015-10-13,97.96867
2015-10-14,98.44207
2015-10-15,98.27853
2015-10-16,97.77931
2015-10-19,97.43501
2015-10-20,97.77070
2015-10-21,97.65020
2015-10-22,95.88569
2015-10-23,94.81839
2015-10-26,95.11964
2015-10-27,95.12825
2015-10-28,95.24875
2015-10-29,94.36220
2015-10-30,95.04218
2015-11-02,94.90446
2015-11-03,94.21587
2015-11-04,93.48425
2015-11-05,93.55311
2015-11-06,92.49441
2015-11-09,92.67516
2015-11-10,91.97797
2015-11-11,.
2015-11-12,92.68377
2015-11-13,92.28783
2015-11-16,92.16733
2015-11-17,91.53038
2015-11-18,91.56481
2015-11-19,92.49441
2015-11-20,91.75417
2015-11-23,91.25495
2015-11-24,91.68532
2015-11-25,91.37545
2015-11-26,.
2015-11-27,91.20331
2015-11-30,90.91066
2015-12-01,91.40988
2015-12-02,91.00534
2015-12-03,93.83715
2015-12-04,93.68222
2015-12-07,93.30349
2015-12-08,93.61336
2015-12-09,94.54295
2015-12-10,94.23309
2015-12-11,94.69788
2015-12-14,94.89585
2015-12-15,93.91462
2015-12-16,94.13841
2015-12-17,92.99363
2015-12-18,93.36375
2015-12-21,93.99208
2015-12-22,94.49131
2015-12-23,93.60475
2015-12-24,94.29334
2015-12-25,.
2015-12-28,94.53434
2015-12-29,93.95765
2015-12-30,93.92322
2015-12-31,93.46703
2016-01-01,.
2016-01-04,92.98502
2016-01-05,92.46858
2016-01-06,92.63212
2016-01-07,93.47564
2016-01-08,93.69082
2016-01-11,93.63057
2016-01-12,93.27767
2016-01-13,93.49286
2016-01-14,93.49286
2016-01-15,94.37080
2016-01-18,.
2016-01-19,93.87158
2016-01-20,93.88879
2016-01-21,93.24324
2016-01-22,93.07970
2016-01-25,93.23464
2016-01-26,93.35514
2016-01-27,93.53589
2016-01-28,94.26752
2016-01-29,93.23464
2016-02-01,93.71665
2016-02-02,93.88879
2016-02-03,95.11964
2016-02-04,96.39353
2016-02-05,95.80823
2016-02-08,96.14391
2016-02-09,97.26287
2016-02-10,96.59150
2016-02-11,97.79652
2016-02-12,96.70339
2016-02-15,.
2016-02-16,95.88569
2016-02-17,95.88569
2016-02-18,95.47254
2016-02-19,95.77380
2016-02-22,94.83560
2016-02-23,94.81839
2016-02-24,94.86142
2016-02-25,94.90446
2016-02-26,94.09537
2016-02-29,93.54450
2016-03-01,93.36375
2016-03-02,93.34653
2016-03-03,94.23309
2016-03-04,94.76674
2016-03-07,94.71510
2016-03-08,94.92167
2016-03-09,94.87003
2016-03-10,96.07506
2016-03-11,96.22999
2016-03-14,95.60165
2016-03-15,95.64469
2016-03-16,95.32622
2016-03-17,97.40059
2016-03-18,97.19401
2016-03-21,96.91857
2016-03-22,96.64314
2016-03-23,96.17834
2016-03-24,96.08366
2016-03-25,96.09227
2016-03-28,96.48821
2016-03-29,96.43656
2016-03-30,97.52109
2016-03-31,98.03753
2016-04-01,97.99449
2016-04-04,98.00310
2016-04-05,97.89981
2016-04-06,98.38182
2016-04-07,98.00310
2016-04-08,98.17525
2016-04-11,98.22689
2016-04-12,98.08056
2016-04-13,97.09933
2016-04-14,96.93579
2016-04-15,97.21983
2016-04-18,97.45223
2016-04-19,97.90842
2016-04-20,97.52109
2016-04-21,97.27148
2016-04-22,96.73782
2016-04-25,97.03908
2016-04-26,97.41780
2016-04-27,97.45223
2016-04-28,97.47805
2016-04-29,98.47650
2016-05-02,99.12205
2016-05-03,99.05319
2016-05-04,98.86383
2016-05-05,98.15803
2016-05-06,98.30436
2016-05-09,98.14082
2016-05-10,98.00310
2016-05-11,98.50232
2016-05-12,97.95145
2016-05-13,97.21122
2016-05-16,97.50387
2016-05-17,97.58134
2016-05-18,97.05629
2016-05-19,96.52264
2016-05-20,96.46239
2016-05-23,96.33328
2016-05-24,95.92873
2016-05-25,96.00620
2016-05-26,96.26442
2016-05-27,95.88569
2016-05-30,.
2016-05-31,95.84266
2016-06-01,96.10088
2016-06-02,96.03202
2016-06-03,97.52109
2016-06-06,97.72766
2016-06-07,97.69323
2016-06-08,98.12360
2016-06-09,97.51248
2016-06-10,97.09933
2016-06-13,97.10794
2016-06-14,96.45378
2016-06-15,96.73782
2016-06-16,96.04063
2016-06-17,96.88415
2016-06-20,97.41780
2016-06-21,96.93579
2016-06-22,97.14237
2016-06-23,97.89120
2016-06-24,95.76519
2016-06-27,94.88724
2016-06-28,95.14546
2016-06-29,95.68773
2016-06-30,94.95610
2016-07-01,95.92873
2016-07-04,.
2016-07-05,95.36925
2016-07-06,95.34343
2016-07-07,95.24014
2016-07-08,95.00775
2016-07-11,95.06800
2016-07-12,95.31761
2016-07-13,95.64469
2016-07-14,95.61887
2016-07-15,95.18850
2016-07-18,95.33483
2016-07-19,94.80117
2016-07-20,94.74092
2016-07-21,94.81839
2016-07-22,94.40523
2016-07-25,94.50852
2016-07-26,94.54295
2016-07-27,94.57738
2016-07-28,95.48976
2016-07-29,96.12670
2016-08-01,96.19556
2016-08-02,96.61732
2016-08-03,96.14391
2016-08-04,95.83405
2016-08-05,95.36925
2016-08-08,95.35204
2016-08-09,95.62747
2016-08-10,96.15252
2016-08-11,96.12670
2016-08-12,96.16113
2016-08-15,96.39353
2016-08-16,97.06490
2016-08-17,96.94440
2016-08-18,97.55552
2016-08-19,97.48666
2016-08-22,97.38337
2016-08-23,97.33173
2016-08-24,96.88415
2016-08-25,97.03908
2016-08-26,96.72061
2016-08-29,96.24720
2016-08-30,95.97177
2016-08-31,95.93734
2016-09-01,96.35049
2016-09-02,96.04063
2016-09-05,.
2016-09-06,96.72061
2016-09-07,96.72921
2016-09-08,96.88415
2016-09-09,96.52264
2016-09-12,96.66035
2016-09-13,96.76364
2016-09-14,97.01326
2016-09-15,96.79807
2016-09-16,96.05784
2016-09-19,96.22138
2016-09-20,96.16113
2016-09-21,96.10088
2016-09-22,96.65175
2016-09-23,96.60010
2016-09-26,97.00465
2016-09-27,96.47099
2016-09-28,96.40213
2016-09-29,96.78086
2016-09-30,96.72921
2016-10-03,96.48821
2016-10-04,96.50542
2016-10-05,96.36771
2016-10-06,96.04063
2016-10-07,96.02341
2016-10-10,.
2016-10-11,95.21432
2016-10-12,94.80117
2016-10-13,95.00775
2016-10-14,94.55156
2016-10-17,94.68067
2016-10-18,94.65485
2016-10-19,94.38802
2016-10-20,94.11258
2016-10-21,93.52729
2016-10-24,93.71665
2016-10-25,93.73386
2016-10-26,93.95765
2016-10-27,93.85436
2016-10-28,94.11258
2016-10-31,94.35359
2016-11-01,95.04218
2016-11-02,95.70494
2016-11-03,95.48976
2016-11-04,95.72216
2016-11-07,95.00775
2016-11-08,94.97332
2016-11-09,94.26752
2016-11-10,93.66500
2016-11-11,.
2016-11-14,92.29644
2016-11-15,92.32226
2016-11-16,92.08986
2016-11-17,91.71975
2016-11-18,91.23773
2016-11-21,91.21191
2016-11-22,91.39267
2016-11-23,90.89344
2016-11-24,.
2016-11-25,91.19470
2016-11-28,91.03116
2016-11-29,91.46153
2016-11-30,91.04837
2016-12-01,91.53038
2016-12-02,91.80582
2016-12-05,92.29644
2016-12-06,92.24479
2016-12-07,92.59769
2016-12-08,91.45292
2016-12-09,90.72990
2016-12-12,91.28938
2016-12-13,91.53899
2016-12-14,91.71975
2016-12-15,89.30108
2016-12-16,89.99828
2016-12-19,89.89499
2016-12-20,89.43019
2016-12-21,89.73145
2016-12-22,89.96385
2016-12-23,89.93803
2016-12-26,.
2016-12-27,90.01549
2016-12-28,89.42159
2016-12-29,90.25650
2016-12-30,90.82458
2017-01-02,.
2017-01-03,89.65399
2017-01-04,90.17043
2017-01-05,91.22052
2017-01-06,90.89344
2017-01-09,91.03116
2017-01-10,90.99673
2017-01-11,90.38561
2017-01-12,91.80582
2017-01-13,91.45292
2017-01-16,.
2017-01-17,92.05543
2017-01-18,91.94354
2017-01-19,91.49595
2017-01-20,.
2017-01-23,92.44276
2017-01-24,92.52023
2017-01-25,92.46858
2017-01-26,91.84025
2017-01-27,92.01239
2017-01-30,91.93493
2017-01-31,92.90756
2017-02-01,92.59769
2017-02-02,92.97642
2017-02-03,92.89034
2017-02-06,92.36530
2017-02-07,92.01239
2017-02-08,92.16733
2017-02-09,91.73696
2017-02-10,91.66810
2017-02-13,91.26356
2017-02-14,91.03977
2017-02-15,91.21191
2017-02-16,91.75417
2017-02-17,91.35824
2017-02-20,.
2017-02-21,90.81598
2017-02-22,90.85040
2017-02-23,91.11723
2017-02-24,91.06559
2017-02-27,91.44431
2017-02-28,91.39267
2017-03-01,90.92787
2017-03-02,90.49750
2017-03-03,90.82458
2017-03-06,91.11723
2017-03-07,91.08280
2017-03-08,90.78155
2017-03-09,91.11723
2017-03-10,91.81443
2017-03-13,91.84025
2017-03-14,91.62506
2017-03-15,91.49595
2017-03-16,92.42555
2017-03-17,92.45998
2017-03-20,92.56326
2017-03-21,93.04527
2017-03-22,92.95920
2017-03-23,92.84731
2017-03-24,93.01085
2017-03-27,93.66500
2017-03-28,93.40678
2017-03-29,92.58048
2017-03-30,92.32226
2017-03-31,92.08125
2017-04-03,91.71114
2017-04-04,91.78860
2017-04-05,91.76278
2017-04-06,91.67671
2017-04-07,91.37545
2017-04-10,91.28938
2017-04-11,91.35824
2017-04-12,91.33242
2017-04-13,91.49595
2017-04-14,91.45292
2017-04-17,91.75417
2017-04-18,92.15011
2017-04-19,92.15872
2017-04-20,92.59769
2017-04-21,92.04682
2017-04-24,93.35514
2017-04-25,94.17284
2017-04-26,93.57893
2017-04-27,93.51007
2017-04-28,93.77690
2017-05-01,93.92322
2017-05-02,93.90601
2017-05-03,93.99208
2017-05-04,94.39663
2017-05-05,94.64624
2017-05-08,94.06094
2017-05-09,93.60475
2017-05-10,93.58754
2017-05-11,93.55311
2017-05-12,94.04373
2017-05-15,94.49991
2017-05-16,95.30040
2017-05-17,95.83405
2017-05-18,95.79962
2017-05-19,96.31606
2017-05-22,96.71200
2017-05-23,96.38492
2017-05-24,96.18695
2017-05-25,96.55707
2017-05-26,96.14391
2017-05-29,.
2017-05-30,96.25581
2017-05-31,96.71200
2017-06-01,96.52264
2017-06-02,97.00465
2017-06-05,96.83250
2017-06-06,96.97022
2017-06-07,96.71200
2017-06-08,96.54846
2017-06-09,96.31606
2017-06-12,96.43656
2017-06-13,96.35049
2017-06-14,97.06490
2017-06-15,95.98898
2017-06-16,96.35049
2017-06-19,96.05784
2017-06-20,95.74798
2017-06-21,95.91152
2017-06-22,95.95455
2017-06-23,96.36771
2017-06-26,96.36771
2017-06-27,97.26287
2017-06-28,97.81374
2017-06-29,98.29575
2017-06-30,98.21828
2017-07-03,97.83956
2017-07-04,.
2017-07-05,97.57273
2017-07-06,98.20107
2017-07-07,98.08917
2017-07-10,98.08917
2017-07-11,98.38182
2017-07-12,98.21828
2017-07-13,97.99449
2017-07-14,98.57118
2017-07-17,98.72611
2017-07-18,99.65571
2017-07-19,99.13927
2017-07-20,100.13772
2017-07-21,100.31847
2017-07-24,100.20658
2017-07-25,100.32708
2017-07-26,100.12050
2017-07-27,100.32708
2017-07-28,101.17060
2017-07-31,101.79033
2017-08-01,101.55793
2017-08-02,102.09158
2017-08-03,102.25512
2017-08-04,101.17060
2017-08-07,101.46325
2017-08-08,100.91238
2017-08-09,101.11895
2017-08-10,101.14478
2017-08-11,101.66122
2017-08-14,101.44603
2017-08-15,101.01567
2017-08-16,100.73162
2017-08-17,101.01567
2017-08-18,101.11895
2017-08-21,101.68704
2017-08-22,101.23946
2017-08-23,101.58375
2017-08-24,101.57514
2017-08-25,102.20348
2017-08-28,103.05560
2017-08-29,103.50318
2017-08-30,102.65967
2017-08-31,102.37562
2017-09-01,102.23791
2017-09-04,.
2017-09-05,102.52195
2017-09-06,102.79738
2017-09-07,103.52901
2017-09-08,103.64090
2017-09-11,102.97814
2017-09-12,103.01257
2017-09-13,102.41005
2017-09-14,102.30677
2017-09-15,102.93510
2017-09-18,102.75435
2017-09-19,103.11585
2017-09-20,103.27079
2017-09-21,102.82321
2017-09-22,103.02117
2017-09-25,102.01412
2017-09-26,101.32553
2017-09-27,101.11035
2017-09-28,101.35996
2017-09-29,101.67843
2017-10-02,101.09313
2017-10-03,101.21363
2017-10-04,101.22224
2017-10-05,100.75745
2017-10-06,100.98124
2017-10-09,.
2017-10-10,101.60096
2017-10-11,101.97108
2017-10-12,101.91083
2017-10-13,101.88501
2017-10-16,101.65261
2017-10-17,101.17060
2017-10-18,101.35135
2017-10-19,101.92804
2017-10-20,101.30831
2017-10-23,101.23946
2017-10-24,101.27389
2017-10-25,101.58375
2017-10-26,100.70580
2017-10-27,99.67292
2017-10-30,100.06886
2017-10-31,100.25822
2017-11-01,100.00000
2017-11-02,100.46480
2017-11-03,99.98279
2017-11-06,99.84507
2017-11-07,99.64710
2017-11-08,99.76760
2017-11-09,100.25822
2017-11-10,.
2017-11-13,100.32708
2017-11-14,101.25667
2017-11-15,101.51489
2017-11-16,101.32553
2017-11-17,101.55793
2017-11-20,101.05870
2017-11-21,101.05870
2017-11-22,101.47185
2017-11-23,.
2017-11-24,102.73713
2017-11-27,102.52195
2017-11-28,102.23791
2017-11-29,102.06576
2017-11-30,102.41005
2017-12-01,102.51334
2017-12-04,101.97969
2017-12-05,101.73868
2017-12-06,101.46325
2017-12-07,101.48046
2017-12-08,101.23085
2017-12-11,101.58375
2017-12-12,100.92098
2017-12-13,101.23946
2017-12-14,101.37717
2017-12-15,101.37717
2017-12-18,101.60096
2017-12-19,101.75590
2017-12-20,102.26373
2017-12-21,102.18626
2017-12-22,101.90222
2017-12-25,.
2017-12-26,102.14323
2017-12-27,102.44448
2017-12-28,102.87485
2017-12-29,103.47736
2018-01-01,.
2018-01-02,103.71837
2018-01-03,103.54622
2018-01-04,103.83887
2018-01-05,103.62369
2018-01-08,103.05560
2018-01-09,102.61663
2018-01-10,102.92649
2018-01-11,103.58926
2018-01-12,104.40695
2018-01-15,.
2018-01-16,105.38819
2018-01-17,105.25908
2018-01-18,105.33655
2018-01-19,105.33655
2018-01-22,105.26769
2018-01-23,105.67223
2018-01-24,106.64486
2018-01-25,107.48838
2018-01-26,106.92030
2018-01-29,106.31778
2018-01-30,106.64486
2018-01-31,106.97194
2018-02-01,107.43674
2018-02-02,107.12687
2018-02-05,106.88587
2018-02-06,106.56740
2018-02-07,105.70666
2018-02-08,105.33655
2018-02-09,105.23326
2018-02-12,105.58616
2018-02-13,106.41246
2018-02-14,106.69651
2018-02-15,107.43674
2018-02-16,107.09244
2018-02-19,.
2018-02-20,106.28335
2018-02-21,105.99070
2018-02-22,106.09399
2018-02-23,105.85299
2018-02-26,105.83577
2018-02-27,105.34515
2018-02-28,105.10415
2018-03-01,105.14719
2018-03-02,105.99070
2018-03-05,106.12842
2018-03-06,106.86004
2018-03-07,106.70511
2018-03-08,105.99070
2018-03-09,106.09399
2018-03-12,106.02513
2018-03-13,106.71372
2018-03-14,106.40386
2018-03-15,106.05096
2018-03-16,105.69805
2018-03-19,106.11981
2018-03-20,105.62059
2018-03-21,105.59477
2018-03-22,105.95627
2018-03-23,106.38664
2018-03-26,107.07523
2018-03-27,106.81701
2018-03-28,106.30918
2018-03-29,105.84438
2018-03-30,106.04235
2018-04-02,105.76691
2018-04-03,105.53452
2018-04-04,105.80134
2018-04-05,105.26769
2018-04-06,105.64641
2018-04-09,106.04235
2018-04-10,106.19728
2018-04-11,106.59322
2018-04-12,106.04235
2018-04-13,106.05956
2018-04-16,106.49854
2018-04-17,106.25753
2018-04-18,106.55879
2018-04-19,106.18007
2018-04-20,105.71527
2018-04-23,105.14719
2018-04-24,105.23326
2018-04-25,104.82011
2018-04-26,104.26063
2018-04-27,104.21759
2018-04-30,103.92494
2018-05-01,103.28800
2018-05-02,103.01257
2018-05-03,103.02978
2018-05-04,102.82321
2018-05-07,102.65967
2018-05-08,102.10880
2018-05-09,102.01412
2018-05-10,102.39284
2018-05-11,102.86624
2018-05-14,103.08143
2018-05-15,102.11740
2018-05-16,101.46325
2018-05-17,101.54932
2018-05-18,101.35135
2018-05-21,101.29110
2018-05-22,101.42021
2018-05-23,100.64555
2018-05-24,100.95541
2018-05-25,100.41315
2018-05-28,.
2018-05-29,99.42331
2018-05-30,100.39594
2018-05-31,100.44758
2018-06-01,100.52505
2018-06-04,100.67137
2018-06-05,100.46480
2018-06-06,101.37717
2018-06-07,101.69564
2018-06-08,101.33414
2018-06-11,101.58375
2018-06-12,101.49768
2018-06-13,101.42882
2018-06-14,100.13772
2018-06-15,99.98279
2018-06-18,99.89671
2018-06-19,99.64710
2018-06-20,99.77621
2018-06-21,99.84507
2018-06-22,100.10329
2018-06-25,100.65416
2018-06-26,100.49062
2018-06-27,99.74178
2018-06-28,99.69014
2018-06-29,100.50783
2018-07-02,99.87950
2018-07-03,100.30126
2018-07-04,.
2018-07-05,100.67998
2018-07-06,101.03288
2018-07-09,101.08452
2018-07-10,100.94681
2018-07-11,100.89516
2018-07-12,100.63694
2018-07-13,100.42176
2018-07-16,100.79187
2018-07-17,100.39594
2018-07-18,100.23240
2018-07-19,99.87950
2018-07-20,100.77466
2018-07-23,100.72302
2018-07-24,100.56808
2018-07-25,100.50783
2018-07-26,100.30986
2018-07-27,100.36151
2018-07-30,100.86073
2018-07-31,100.75745
2018-08-01,100.41315
2018-08-02,99.94836
2018-08-03,99.81925
2018-08-06,99.53520
2018-08-07,99.81925
2018-08-08,99.82785
2018-08-09,99.55242
2018-08-10,98.11499
2018-08-13,98.08917
2018-08-14,97.70184
2018-08-15,97.53830
2018-08-16,98.02031
2018-08-17,98.20967
2018-08-20,98.45068
2018-08-21,99.27698
2018-08-22,99.80203
2018-08-23,99.56103
2018-08-24,100.06025
2018-08-27,100.49923
2018-08-28,100.87795
2018-08-29,100.69719
2018-08-30,100.24101
2018-08-31,99.81064
2018-09-03,.
2018-09-04,99.55242
2018-09-05,100.01721
2018-09-06,100.05164
2018-09-07,99.60406
2018-09-10,99.87950
2018-09-11,99.76760
2018-09-12,100.06886
2018-09-13,100.46480
2018-09-14,100.32708
2018-09-17,100.59391
2018-09-18,100.64555
2018-09-19,100.57669
2018-09-20,101.08452
2018-09-21,101.04149
2018-09-24,101.33414
2018-09-25,101.30831
2018-09-26,101.20503
2018-09-27,100.44758
2018-09-28,100.03443
2018-10-01,99.56103
2018-10-02,99.50077
2018-10-03,99.19952
2018-10-04,99.05319
2018-10-05,99.00155
2018-10-08,.
2018-10-09,98.82940
2018-10-10,99.33724
2018-10-11,99.54381
2018-10-12,99.49217
2018-10-15,99.79342
2018-10-16,99.78482
2018-10-17,99.32863
2018-10-18,98.93269
2018-10-19,99.09623
2018-10-22,98.70029
2018-10-23,98.81219
2018-10-24,98.02892
2018-10-25,97.89981
2018-10-26,98.02031
2018-10-29,98.03753
2018-10-30,97.81374
2018-10-31,97.53830
2018-11-01,98.08917
2018-11-02,97.93424
2018-11-05,98.07196
2018-11-06,98.22689
2018-11-07,98.63143
2018-11-08,98.26132
2018-11-09,97.47805
2018-11-12,.
2018-11-13,97.15958
2018-11-14,97.36616
2018-11-15,97.46944
2018-11-16,98.14082
2018-11-19,98.53675
2018-11-20,98.04614
2018-11-21,98.06335
2018-11-22,.
2018-11-23,97.53830
2018-11-26,97.57273
2018-11-27,97.09933
2018-11-28,97.14237
2018-11-29,97.96867
2018-11-30,97.46084
2018-12-03,97.74488
2018-12-04,97.65020
2018-12-05,.
2018-12-06,97.89981
2018-12-07,98.03753
2018-12-10,97.84817
2018-12-11,97.38337
2018-12-12,97.79652
2018-12-13,97.76209
2018-12-14,97.26287
2018-12-17,97.59855
2018-12-18,97.81374
2018-12-19,98.31296
2018-12-20,98.39904
2018-12-21,98.14082
2018-12-24,.
2018-12-25,.
2018-12-26,98.19246
2018-12-27,98.22689
2018-12-28,98.51093
2018-12-31,98.60561
2019-01-01,.
2019-01-02,97.75349
2019-01-03,98.11499
2019-01-04,98.20967
2019-01-07,98.70890
2019-01-08,98.50232
2019-01-09,99.19091
2019-01-10,99.13066
2019-01-11,98.80358
2019-01-14,.
2019-01-15,98.05474
2019-01-16,98.19246
2019-01-17,98.00310
2019-01-18,97.79652
2019-01-21,.
2019-01-22,97.77070
2019-01-23,98.03753
2019-01-24,97.45223
2019-01-25,98.18385
2019-01-28,98.45068
2019-01-29,98.33018
2019-01-30,98.27853
2019-01-31,98.58840
2019-02-01,98.76054
2019-02-04,98.45068
2019-02-05,98.17525
2019-02-06,97.95145
2019-02-07,97.75349
2019-02-08,97.48666
2019-02-11,97.06490
2019-02-12,97.40059
2019-02-13,97.15958
2019-02-14,97.12515
2019-02-15,96.98743
2019-02-18,.
2019-02-19,97.50387
2019-02-20,.
2019-02-21,97.58995
2019-02-22,97.62438
2019-02-25,97.65020
2019-02-26,97.89981
2019-02-27,97.86538
2019-02-28,97.94285
2019-03-01,97.91703
2019-03-04,97.50387
2019-03-05,97.26287
2019-03-06,97.43501
2019-03-07,96.52264
2019-03-08,96.77225
2019-03-11,96.62593
2019-03-12,97.05629
2019-03-13,97.34894
2019-03-14,97.29730
2019-03-15,97.48666
2019-03-18,97.58134
2019-03-19,97.65881
2019-03-20,97.71045
2019-03-21,97.78792
2019-03-22,97.10794
2019-03-25,97.46944
2019-03-26,97.09072
2019-03-27,96.83250
2019-03-28,96.71200
2019-03-29,96.64314
2019-04-01,96.48821
2019-04-02,96.28163
2019-04-03,96.76364
2019-04-04,96.53985
2019-04-05,96.54846
2019-04-08,96.93579
2019-04-09,97.07351
2019-04-10,96.97022
2019-04-11,96.93579
2019-04-12,97.29730
2019-04-15,97.29730
2019-04-16,97.20262
2019-04-17,97.23705
2019-04-18,96.75504
2019-04-19,96.79807
2019-04-22,96.90136
2019-04-23,96.51403
2019-04-24,96.33328
2019-04-25,95.88569
2019-04-26,96.00620
2019-04-29,96.10949
2019-04-30,96.41074
2019-05-01,96.79807
2019-05-02,96.26442
2019-05-03,96.28163
2019-05-06,96.37631
2019-05-07,96.21277
2019-05-08,96.45378
2019-05-09,96.64314
2019-05-10,96.75504
2019-05-13,96.67757
2019-05-14,96.46239
2019-05-15,96.47099
2019-05-16,96.21277
2019-05-17,96.10949
2019-05-20,96.14391
2019-05-21,96.04063
2019-05-22,96.02341
2019-05-23,96.16113
2019-05-24,96.37631
2019-05-27,.
2019-05-28,96.20417
2019-05-29,95.85127
2019-05-30,95.88569
2019-05-31,95.96316
2019-06-03,96.45378
2019-06-04,96.71200
2019-06-05,96.76364
2019-06-06,97.21122
2019-06-07,97.46944
2019-06-10,97.35755
2019-06-11,97.40059
2019-06-12,97.34894
2019-06-13,97.04768
2019-06-14,96.54846
2019-06-17,96.70339
2019-06-18,96.36771
2019-06-19,96.52264
2019-06-20,97.12515
2019-06-21,97.50387
2019-06-24,98.06335
2019-06-25,98.00310
2019-06-26,98.03753
2019-06-27,97.88260
2019-06-28,97.89981
2019-07-01,97.32312
2019-07-02,97.27148
2019-07-03,97.04768
2019-07-04,.
2019-07-05,96.53985
2019-07-08,96.47099
2019-07-09,96.48821
2019-07-10,96.91857
2019-07-11,96.92718
2019-07-12,96.86693
2019-07-15,96.91857
2019-07-16,96.50542
2019-07-17,96.67757
2019-07-18,96.64314
2019-07-19,96.57428
2019-07-22,96.52264
2019-07-23,96.02341
2019-07-24,95.89430
2019-07-25,96.02341
2019-07-26,95.72216
2019-07-29,95.90291
2019-07-30,95.95455
2019-07-31,95.79962
2019-08-01,95.21432
2019-08-02,95.64469
2019-08-05,96.37631
2019-08-06,96.36771
2019-08-07,96.71200
2019-08-08,96.48821
2019-08-09,96.59150
2019-08-12,96.50542
2019-08-13,96.24720
2019-08-14,95.92012
2019-08-15,95.59305
2019-08-16,95.46394
2019-08-19,95.50697
2019-08-20,95.47254
2019-08-21,95.52419
2019-08-22,95.44672
2019-08-23,95.95455
2019-08-26,95.64469
2019-08-27,95.48976
2019-08-28,95.40368
2019-08-29,95.18850
2019-08-30,94.58599
2019-09-02,.
2019-09-03,94.40523
2019-09-04,94.89585
2019-09-05,95.00775
2019-09-06,95.04218
2019-09-09,95.16268
2019-09-10,95.04218
2019-09-11,94.68928
2019-09-12,95.31761
2019-09-13,95.31761
2019-09-16,94.73231
2019-09-17,95.22293
2019-09-18,95.20572
2019-09-19,95.07661
2019-09-20,94.71510
2019-09-23,94.60320
2019-09-24,94.67206
2019-09-25,94.24169
2019-09-26,94.14701
2019-09-27,94.18144
2019-09-30,93.86297
2019-10-01,94.09537
2019-10-02,94.25891
2019-10-03,94.60320
2019-10-04,94.45688
2019-10-07,94.54295
2019-10-08,94.24169
2019-10-09,94.49131
2019-10-10,94.83560
2019-10-11,95.01635
2019-10-14,.
2019-10-15,94.99053
2019-10-16,95.32622
2019-10-17,95.79101
2019-10-18,96.01480
2019-10-21,95.92873
2019-10-22,95.86848
2019-10-23,95.69633
2019-10-24,95.52419
2019-10-25,95.37786
2019-10-28,95.48976
2019-10-29,95.68773
2019-10-30,95.73937
2019-10-31,96.01480
2019-11-01,96.13531
2019-11-04,95.92012
2019-11-05,95.28318
2019-11-06,95.33483
2019-11-07,95.06800
2019-11-08,94.84421
2019-11-11,.
2019-11-12,94.82699
2019-11-13,94.71510
2019-11-14,94.81839
2019-11-15,95.07661
2019-11-18,95.36065
2019-11-19,95.32622
2019-11-20,95.22293
2019-11-21,95.25736
2019-11-22,94.93028
2019-11-25,94.75813
2019-11-26,94.78396
2019-11-27,94.69788
2019-11-28,.
2019-11-29,94.84421
2019-12-02,95.32622
2019-12-03,95.44672
2019-12-04,95.33483
2019-12-05,95.57583
2019-12-06,95.12825
2019-12-09,95.25736
2019-12-10,95.45533
2019-12-11,95.47254
2019-12-12,95.67051
2019-12-13,95.78241
2019-12-16,95.87709
2019-12-17,95.95455
2019-12-18,95.65330
2019-12-19,95.78241
2019-12-20,95.33483
2019-12-23,95.46394
2019-12-24,95.40368
2019-12-25,.
2019-12-26,95.55862
2019-12-27,96.17834
2019-12-30,96.54846
2019-12-31,96.63453
2020-01-01,.
2020-01-02,96.10949
2020-01-03,96.16974
2020-01-06,96.29024
2020-01-07,95.86848
2020-01-08,95.68773
2020-01-09,95.59305
2020-01-10,95.70494
2020-01-13,95.86848
2020-01-14,95.79962
2020-01-15,96.05784
2020-01-16,95.80823
2020-01-17,95.48115
2020-01-20,.
2020-01-21,95.50697
2020-01-22,95.41229
2020-01-23,95.03357
2020-01-24,94.90446
2020-01-27,94.84421
2020-01-28,94.74953
2020-01-29,94.71510
2020-01-30,94.95610
2020-01-31,95.38647
2020-02-03,95.21432
2020-02-04,95.05078
2020-02-05,94.73231
2020-02-06,94.49991
2020-02-07,94.25030
2020-02-10,93.95765
2020-02-11,93.96626
2020-02-12,93.75968
2020-02-13,93.37235
2020-02-14,93.29489
2020-02-17,.
2020-02-18,93.08831
2020-02-19,92.90756
2020-02-20,92.93338
2020-02-21,93.43260
2020-02-24,93.44982
2020-02-25,93.54450
2020-02-26,93.70804
2020-02-27,94.48270
2020-02-28,94.68928
2020-03-02,96.09227
2020-03-03,96.18695
2020-03-04,95.79962
2020-03-05,96.41935
2020-03-06,97.42641
2020-03-09,98.29575
2020-03-10,97.62438
2020-03-11,97.09072
2020-03-12,95.37786
2020-03-13,95.24875
2020-03-16,95.87709
2020-03-17,94.43106
2020-03-18,93.24324
2020-03-19,92.08986
2020-03-20,91.94354
2020-03-23,92.61491
2020-03-24,92.90756
2020-03-25,93.26046
2020-03-26,94.89585
2020-03-27,95.18850
2020-03-30,94.83560
2020-03-31,94.81839
2020-04-01,94.11258
2020-04-02,93.49286
2020-04-03,92.93338
2020-04-06,93.02806
2020-04-07,93.69943
2020-04-08,93.51007
2020-04-09,94.08676
2020-04-10,94.25891
2020-04-13,93.87158
2020-04-14,94.43106
2020-04-15,93.89740
2020-04-16,93.30349
2020-04-17,93.67361
2020-04-20,93.59614
2020-04-21,93.42400
2020-04-22,93.20881
2020-04-23,93.08831
2020-04-24,92.94199
2020-04-27,93.20881
2020-04-28,93.26907
2020-04-29,93.41539
2020-04-30,94.11258
2020-05-01,94.66345
2020-05-04,93.91462
2020-05-05,93.33792
2020-05-06,93.01085
2020-05-07,93.08831
2020-05-08,93.42400
2020-05-11,93.11413
2020-05-12,93.51007
2020-05-13,93.27767
2020-05-14,92.95920
2020-05-15,93.09692
2020-05-18,93.85436
2020-05-19,94.13841
2020-05-20,94.50852
2020-05-21,94.27612
2020-05-22,93.76829
2020-05-25,.
2020-05-26,94.42245
2020-05-27,94.41384
2020-05-28,95.27457
2020-05-29,95.60165
2020-06-01,95.73937
2020-06-02,96.10949
2020-06-03,96.79807
2020-06-04,97.45223
2020-06-05,97.23705
2020-06-08,97.20262
2020-06-09,97.67602
2020-06-10,97.73627
2020-06-11,97.93424
2020-06-12,96.85832
2020-06-15,97.00465
2020-06-16,96.90997
2020-06-17,96.56567
2020-06-18,96.53985
2020-06-19,96.30745
2020-06-22,96.91857
2020-06-23,97.45223
2020-06-24,97.02186
2020-06-25,96.58289
2020-06-26,96.53124
2020-06-29,96.72061
2020-06-30,96.72061
2020-07-01,96.90997
2020-07-02,96.72061
2020-07-03,.
2020-07-06,97.32312
2020-07-07,97.25426
2020-07-08,97.51248
2020-07-09,97.24565
2020-07-10,97.41780
2020-07-13,97.81374
2020-07-14,98.17525
2020-07-15,98.17525
2020-07-16,98.40764
2020-07-17,98.45068
2020-07-20,98.48511
2020-07-21,98.94130
2020-07-22,99.73317
2020-07-23,100.04304
2020-07-24,100.14632
2020-07-27,101.13617
2020-07-28,100.98984
2020-07-29,101.30831
2020-07-30,101.48907
2020-07-31,101.75590
2020-08-03,101.13617
2020-08-04,101.27389
2020-08-05,102.41005
2020-08-06,102.04855
2020-08-07,101.35996
2020-08-10,101.18781
2020-08-11,101.25667
2020-08-12,101.53211
2020-08-13,101.72147
2020-08-14,101.85058
2020-08-17,102.16044
2020-08-18,102.66827
2020-08-19,102.41005
2020-08-20,102.10019
2020-08-21,101.35135
2020-08-24,101.59236
2020-08-25,101.72147
2020-08-26,101.67843
2020-08-27,101.77311
2020-08-28,102.43588
2020-08-31,102.85763
2020-09-01,102.84903
2020-09-02,101.91083
2020-09-03,101.84197
2020-09-04,101.73868
2020-09-07,.
2020-09-08,101.47185
2020-09-09,101.65261
2020-09-10,102.25512
2020-09-11,101.83336
2020-09-14,102.20348
2020-09-15,101.96247
2020-09-16,101.86779
2020-09-17,101.76450
2020-09-18,102.05715
2020-09-21,101.02427
2020-09-22,100.73162
2020-09-23,100.50783
2020-09-24,100.41315
2020-09-25,100.00000
2020-09-28,100.36151
2020-09-29,100.85213
2020-09-30,100.90377
2020-10-01,101.15338
2020-10-02,100.75745
2020-10-05,101.42882
2020-10-06,101.37717
2020-10-07,101.27389
2020-10-08,101.16199
2020-10-09,101.73007
2020-10-12,.
2020-10-13,101.02427
2020-10-14,101.17920
2020-10-15,100.71441
2020-10-16,100.85213
2020-10-19,101.46325
2020-10-20,101.77311
2020-10-21,102.16905
2020-10-22,101.77311
2020-10-23,101.94526
2020-10-26,101.70425
2020-10-27,101.85918
2020-10-28,101.14478
2020-10-29,100.34429
2020-10-30,100.24961
2020-11-02,100.13772
2020-11-03,100.91238
2020-11-04,100.96402
2020-11-05,101.64400
